Range Time (seconds),Tank Pressure
-10.0,20.049291567087742
-9.9,20.049044469102082
-9.8,20.04879737111642
-9.700000000000001,20.04855027313076
-9.600000000000001,20.0483031751451
-9.500000000000002,20.04805607715944
-9.400000000000002,20.04780897917378
-9.300000000000002,20.04756188118812
-9.200000000000003,20.04731478320246
-9.100000000000003,20.0470676852168
-9.000000000000004,20.046820587231135
-8.900000000000004,20.046573489245475
-8.800000000000004,20.046326391259814
-8.700000000000005,20.046079293274154
-8.600000000000005,20.045832195288494
-8.500000000000005,20.045585097302833
-8.400000000000006,20.045337999317173
-8.300000000000006,20.045090901331513
-8.200000000000006,20.044843803345852
-8.100000000000007,20.044596705360192
-8.000000000000007,20.04434960737453
-7.9000000000000075,20.04410250938887
-7.800000000000008,20.043855411403207
-7.700000000000008,20.043608313417547
-7.6000000000000085,20.043361215431887
-7.500000000000009,20.043114117446226
-7.400000000000009,20.042867019460566
-7.30000000000001,20.042619921474905
-7.20000000000001,20.042372823489245
-7.10000000000001,20.042125725503585
-7.000000000000011,20.041878627517924
-6.900000000000011,20.041631529532264
-6.800000000000011,20.041384431546604
-6.700000000000012,20.04113733356094
-6.600000000000012,20.04089023557528
-6.500000000000012,20.04064313758962
-6.400000000000013,20.04039603960396
-6.300000000000013,20.0401489416183
-6.2000000000000135,20.039901843632638
-6.100000000000014,20.039654745646978
-6.000000000000014,20.039407647661317
-5.900000000000015,20.039160549675657
-5.800000000000015,20.038913451689996
-5.700000000000015,20.038666353704336
-5.600000000000016,20.038419255718676
-5.500000000000016,20.038172157733012
-5.400000000000016,20.03792505974735
-5.300000000000017,20.03767796176169
-5.200000000000017,20.03743086377603
-5.100000000000017,20.03718376579037
-5.000000000000018,20.03693666780471
-4.900000000000018,20.03668956981905
-4.8000000000000185,20.03644247183339
-4.700000000000019,20.03619537384773
-4.600000000000019,20.03594827586207
-4.5000000000000195,20.03570117787641
-4.40000000000002,20.00679455445545
-4.30000000000002,19.96917388613862
-4.200000000000021,19.93155321782179
-4.100000000000021,19.893932549504957
-4.000000000000021,19.856311881188127
-3.9000000000000217,19.818691212871293
-3.800000000000022,19.781070544554463
-3.7000000000000224,19.74344987623763
-3.6000000000000227,19.7058292079208
-3.500000000000023,19.668208539603967
-3.4000000000000234,19.630587871287137
-3.300000000000024,19.592967202970307
-3.200000000000024,19.555346534653474
-3.1000000000000245,19.517725866336644
-3.000000000000025,19.48010519801981
-2.9000000000000252,19.44248452970298
-2.8000000000000256,19.404863861386147
-2.700000000000026,19.367243193069317
-2.6000000000000263,19.329622524752484
-2.5000000000000266,19.292001856435654
-2.400000000000027,19.25438118811882
-2.3000000000000274,19.21676051980199
-2.2000000000000277,19.17913985148516
-2.100000000000028,19.141519183168327
-2.0000000000000284,19.103898514851497
-1.9000000000000288,19.066277846534664
-1.8000000000000291,19.0437234794908
-1.7000000000000295,19.069315770862794
-1.6000000000000298,19.09490806223479
-1.5000000000000302,19.120500353606783
-1.4000000000000306,19.146092644978776
-1.300000000000031,19.171684936350772
-1.2000000000000313,19.197277227722765
-1.1000000000000316,19.22286951909476
-1.000000000000032,19.248461810466754
-0.9000000000000323,19.274054101838747
-0.8000000000000327,19.299646393210743
-0.700000000000033,19.325238684582736
-0.6000000000000334,19.350830975954732
-0.5000000000000338,19.376423267326725
-0.4000000000000341,19.402015558698718
-0.30000000000003446,19.427607850070714
-0.20000000000003482,19.453200141442707
-0.10000000000003517,19.478792432814704
-3.552713678800501e-14,19.504384724186696
0.09999999999996412,19.52997701555869
0.19999999999996376,19.555569306930686
0.2999999999999634,19.58116159830268
0.39999999999996305,19.606753889674675
0.4999999999999627,19.63147277227723
0.5999999999999623,19.62335148514852
0.699999999999962,19.615230198019805
0.7999999999999616,19.607108910891093
0.8999999999999613,19.59898762376238
0.9999999999999609,19.590866336633667
1.0999999999999606,19.582745049504954
1.1999999999999602,19.57462376237624
1.2999999999999599,19.56650247524753
1.3999999999999595,19.558381188118815
1.4999999999999591,19.550259900990103
1.5999999999999588,19.54213861386139
1.6999999999999584,19.534017326732677
1.799999999999958,19.525896039603964
1.8999999999999577,19.51777475247525
1.9999999999999574,19.50965346534654
2.099999999999957,19.501532178217825
2.1999999999999567,19.493410891089113
2.2999999999999563,19.4852896039604
2.399999999999956,19.477168316831687
2.4999999999999556,19.469047029702974
2.5999999999999552,19.46092574257426
2.699999999999955,19.45280445544555
2.7999999999999545,19.444683168316836
2.899999999999954,19.436561881188123
2.999999999999954,19.428712871287132
3.0999999999999535,19.422343234323435
3.199999999999953,19.415973597359738
3.2999999999999527,19.40960396039604
3.3999999999999524,19.403234323432347
3.499999999999952,19.39686468646865
3.5999999999999517,19.390495049504953
3.6999999999999513,19.384125412541255
3.799999999999951,19.377755775577562
3.8999999999999506,19.371386138613865
3.9999999999999503,19.365016501650167
4.09999999999995,19.35864686468647
4.1999999999999496,19.352277227722777
4.299999999999949,19.34590759075908
4.399999999999949,19.339537953795382
4.4999999999999485,19.336045792079204
4.599999999999948,19.34201732673267
4.699999999999948,19.347988861386135
4.799999999999947,19.3539603960396
4.899999999999947,19.359931930693065
4.999999999999947,19.36590346534653
5.099999999999946,19.371874999999996
5.199999999999946,19.377846534653465
5.299999999999946,19.38381806930693
5.399999999999945,19.389789603960395
5.499999999999945,19.395513089444535
5.599999999999945,19.40061419701292
5.699999999999944,19.405715304581303
5.799999999999944,19.41081641214969
5.8999999999999435,19.41591751971807
5.999999999999943,19.421018627286454
6.099999999999945,19.42611973485484
6.1999999999999424,19.431220842423222
6.29999999999994,19.43632194999161
6.399999999999942,19.44142305755999
6.499999999999943,19.446524165128377
6.599999999999941,19.45162527269676
6.699999999999939,19.456726380265142
6.79999999999994,19.461827487833528
6.899999999999942,19.46692859540191
6.99999999999994,19.472029702970296
7.0999999999999375,19.47713081053868
7.199999999999939,19.48223191810706
7.29999999999994,19.487333025675447
7.399999999999938,19.49243413324383
7.499999999999936,19.497535240812216
7.5999999999999375,19.502636348380598
7.699999999999939,19.50773745594898
7.799999999999937,19.512838563517366
7.899999999999935,19.51793967108575
7.999999999999936,19.523040778654135
8.099999999999937,19.528141886222517
8.199999999999935,19.5332429937909
8.299999999999933,19.538344101359286
8.399999999999935,19.54344520892767
8.499999999999936,19.548546316496054
8.599999999999934,19.553647424064437
8.699999999999932,19.558748531632823
8.799999999999933,19.563849639201205
8.899999999999935,19.568950746769588
8.999999999999932,19.574051854337974
9.09999999999993,19.579152961906356
9.199999999999932,19.584254069474742
9.299999999999933,19.589355177043124
9.399999999999931,19.594456284611507
9.499999999999929,19.599557392179893
9.59999999999993,19.604658499748275
9.699999999999932,19.60975960731666
9.79999999999993,19.614860714885044
9.899999999999928,19.619961822453426
9.999999999999929,19.625062930021812
10.09999999999993,19.630164037590195
10.199999999999928,19.63526514515858
10.299999999999926,19.640366252726963
10.399999999999928,19.64546736029535
10.499999999999929,19.65056846786373
10.599999999999927,19.655669575432114
10.699999999999925,19.6607706830005
10.799999999999926,19.665871790568882
10.899999999999928,19.67097289813727
10.999999999999925,19.67607400570565
11.099999999999923,19.681175113274033
11.199999999999925,19.68627622084242
11.299999999999926,19.691377328410802
11.399999999999924,19.696478435979188
11.499999999999922,19.70157954354757
11.599999999999923,19.706680651115953
11.699999999999925,19.71178175868434
11.799999999999923,19.71688286625272
11.89999999999992,19.721983973821107
11.999999999999922,19.72708508138949
12.099999999999923,19.732186188957876
12.199999999999921,19.737287296526258
12.299999999999919,19.74238840409464
12.39999999999992,19.747489511663026
12.499999999999922,19.75259061923141
12.59999999999992,19.757691726799795
12.699999999999918,19.762792834368177
12.799999999999919,19.76789394193656
12.89999999999992,19.772995049504946
12.999999999999918,19.77809615707333
13.099999999999916,19.783197264641714
13.199999999999918,19.788298372210097
13.299999999999919,19.79339947977848
13.399999999999917,19.798500587346865
13.499999999999915,19.803601694915248
13.599999999999916,19.808702802483634
13.699999999999918,19.813803910052016
13.799999999999915,19.818905017620402
13.899999999999913,19.824006125188784
13.999999999999915,19.829107232757167
14.099999999999916,19.834208340325553
14.199999999999914,19.839309447893935
14.299999999999912,19.84441055546232
14.399999999999913,19.849511663030704
14.499999999999915,19.854612770599086
14.599999999999913,19.859713878167472
14.69999999999991,19.864814985735855
14.799999999999912,19.86991609330424
14.899999999999913,19.875017200872623
14.999999999999911,19.880118308441006
15.099999999999909,19.88521941600939
15.19999999999991,19.890320523577774
15.299999999999912,19.892373632100053
15.39999999999991,19.89086503387181
15.499999999999908,19.889356435643563
15.599999999999909,19.88784783741532
15.69999999999991,19.886339239187077
15.799999999999908,19.884830640958832
15.899999999999906,19.883322042730587
15.999999999999908,19.881813444502345
16.09999999999991,19.8803048462741
16.199999999999907,19.878796248045855
16.299999999999905,19.877287649817614
16.399999999999906,19.87577905158937
16.499999999999908,19.874270453361124
16.599999999999905,19.872761855132882
16.699999999999903,19.871253256904637
16.799999999999905,19.869744658676392
16.899999999999906,19.86823606044815
16.999999999999904,19.866727462219906
17.099999999999902,19.86521886399166
17.199999999999903,19.86371026576342
17.299999999999905,19.862201667535174
17.399999999999903,19.86069306930693
17.4999999999999,19.859184471078688
17.599999999999902,19.857675872850443
17.699999999999903,19.856167274622198
17.7999999999999,19.854658676393957
17.8999999999999,19.85315007816571
17.9999999999999,19.851641479937467
18.099999999999902,19.85013288170922
18.1999999999999,19.84862428348098
18.299999999999898,19.847115685252735
18.3999999999999,19.84560708702449
18.4999999999999,19.843071782178217
18.5999999999999,19.840492079207923
18.699999999999896,19.837912376237625
18.799999999999898,19.835332673267327
18.8999999999999,19.83275297029703
18.999999999999897,19.830173267326735
19.099999999999895,19.827593564356437
19.199999999999896,19.82501386138614
19.299999999999898,19.82243415841584
19.399999999999896,19.819854455445547
19.499999999999893,19.81727475247525
19.599999999999895,19.81469504950495
19.699999999999896,19.812115346534654
19.799999999999894,19.80953564356436
19.899999999999892,19.80695594059406
19.999999999999893,19.804376237623764
20.099999999999895,19.801796534653466
20.199999999999893,19.79921683168317
20.29999999999989,19.796637128712874
20.399999999999892,19.794057425742576
20.499999999999893,19.791477722772278
20.59999999999989,19.788898019801984
20.69999999999989,19.786318316831686
20.79999999999989,19.783738613861388
20.899999999999892,19.78115891089109
20.99999999999989,19.778579207920796
21.099999999999888,19.775999504950498
21.19999999999989,19.7734198019802
21.29999999999989,19.770840099009902
21.39999999999989,19.768260396039608
21.499999999999886,19.76568069306931
21.599999999999888,19.763100990099012
21.69999999999989,19.760521287128714
21.799999999999887,19.757941584158417
21.899999999999885,19.755361881188122
21.999999999999886,19.752782178217824
22.099999999999888,19.750202475247526
22.19999999999989,19.74762277227723
22.299999999999883,19.745043069306934
22.399999999999885,19.742463366336636
22.499999999999886,19.73988366336634
22.59999999999988,19.736274752475254
22.699999999999882,19.731668140028294
22.799999999999883,19.727061527581334
22.899999999999885,19.722454915134374
22.999999999999886,19.71784830268742
23.09999999999988,19.71324169024046
23.199999999999882,19.7086350777935
23.299999999999883,19.70402846534654
23.399999999999878,19.69942185289958
23.49999999999988,19.694815240452623
23.59999999999988,19.690208628005664
23.699999999999882,19.685602015558704
23.799999999999883,19.680995403111744
23.899999999999878,19.676388790664785
23.99999999999988,19.67178217821783
24.09999999999988,19.66717556577087
24.199999999999875,19.66256895332391
24.299999999999876,19.65796234087695
24.399999999999878,19.65335572842999
24.49999999999988,19.648749115983033
24.59999999999988,19.644142503536074
24.699999999999875,19.639535891089114
24.799999999999876,19.634929278642154
24.899999999999878,19.630322666195195
24.999999999999872,19.62571605374824
25.099999999999874,19.62110944130128
25.199999999999875,19.61650282885432
25.299999999999876,19.61189621640736
25.399999999999878,19.6072896039604
25.499999999999872,19.602682991513444
25.599999999999874,19.598076379066484
25.699999999999875,19.593469766619524
25.79999999999987,19.588863154172564
25.89999999999987,19.58425654172561
25.999999999999872,19.57964992927865
26.099999999999874,19.57504331683169
26.199999999999875,19.57043670438473
26.29999999999987,19.56583009193777
26.39999999999987,19.561223479490813
26.499999999999872,19.556616867043854
26.599999999999866,19.552010254596894
26.699999999999868,19.547403642149934
26.79999999999987,19.542797029702974
26.89999999999987,19.53819041725602
26.999999999999872,19.53358380480906
27.099999999999866,19.5289771923621
27.199999999999868,19.52429042904291
27.29999999999987,19.518716996699677
27.399999999999864,19.513143564356444
27.499999999999865,19.507570132013207
27.599999999999866,19.501996699669974
27.699999999999868,19.49642326732674
27.79999999999987,19.490849834983507
27.899999999999864,19.48527640264027
27.999999999999865,19.479702970297037
28.099999999999866,19.474129537953804
28.19999999999986,19.46855610561057
28.299999999999862,19.462982673267334
28.399999999999864,19.4574092409241
28.499999999999865,19.451835808580867
28.599999999999866,19.44626237623763
28.69999999999986,19.440688943894397
28.799999999999862,19.435115511551164
28.899999999999864,19.429542079207927
28.999999999999858,19.423968646864694
29.09999999999986,19.41839521452146
29.19999999999986,19.412821782178227
29.299999999999862,19.40724834983499
29.399999999999864,19.401674917491757
29.499999999999858,19.396101485148524
29.59999999999986,19.39052805280529
29.69999999999986,19.384954620462054
29.799999999999855,19.37938118811882
29.899999999999856,19.373807755775587
29.999999999999858,19.36823432343235
30.09999999999986,19.362660891089117
30.19999999999986,19.357087458745884
30.299999999999855,19.35151402640265
30.399999999999856,19.345940594059414
30.499999999999858,19.34036716171618
30.599999999999852,19.334793729372947
30.699999999999854,19.32922029702971
30.799999999999855,19.323646864686477
30.899999999999856,19.318073432343244
30.999999999999858,19.31250000000001
31.099999999999852,19.306926567656774
31.199999999999854,19.30135313531354
31.299999999999855,19.295779702970307
31.39999999999985,19.290206270627074
31.49999999999985,19.284632838283837
31.599999999999852,19.279059405940604
31.699999999999854,19.272673829883
31.799999999999855,19.264530828082822
31.89999999999985,19.25638782628264
31.99999999999985,19.248244824482462
32.09999999999985,19.24010182268228
32.19999999999985,19.231958820882102
32.29999999999985,19.22381581908192
32.39999999999985,19.215672817281742
32.49999999999985,19.20752981548156
32.59999999999985,19.199386813681382
32.69999999999985,19.1912438118812
32.79999999999985,19.183100810081022
32.89999999999985,19.17495780828084
32.999999999999844,19.166814806480662
33.099999999999845,19.15867180468048
33.19999999999985,19.150528802880302
33.29999999999985,19.14238580108012
33.39999999999985,19.134242799279942
33.499999999999844,19.12609979747976
33.599999999999845,19.117956795679582
33.69999999999985,19.1098137938794
33.79999999999984,19.101670792079222
33.89999999999984,19.09352779027904
33.999999999999844,19.085384788478862
34.099999999999845,19.07724178667868
34.19999999999985,19.069098784878502
34.29999999999984,19.06095578307832
34.39999999999984,19.052812781278142
34.499999999999844,19.04466977947796
34.59999999999984,19.036526777677782
34.69999999999984,19.0283837758776
34.79999999999984,19.020240774077422
34.89999999999984,19.01209777227724
34.999999999999844,19.00395477047706
35.09999999999984,18.99581176867688
35.19999999999984,18.987668766876702
35.29999999999984,18.97952576507652
35.399999999999835,18.971400990099024
35.49999999999984,18.96327970297031
35.59999999999984,18.9551584158416
35.69999999999984,18.947037128712882
35.79999999999984,18.93891584158417
35.899999999999835,18.93079455445546
35.99999999999984,18.922673267326747
36.09999999999984,18.91455198019803
36.19999999999983,18.90643069306932
36.299999999999834,18.89830940594061
36.399999999999835,18.890188118811896
36.49999999999984,18.88206683168318
36.59999999999984,18.873945544554466
36.69999999999983,18.865824257425757
36.799999999999834,18.857702970297044
36.899999999999835,18.849581683168328
36.99999999999983,18.84146039603962
37.09999999999983,18.833339108910906
37.19999999999983,18.825217821782193
37.299999999999834,18.817096534653476
37.399999999999835,18.808975247524764
37.49999999999983,18.800853960396054
37.59999999999983,18.792732673267338
37.69999999999983,18.784611386138625
37.79999999999983,18.776490099009916
37.89999999999983,18.768368811881203
37.99999999999983,18.760247524752486
38.09999999999983,18.752126237623774
38.19999999999983,18.74400495049506
38.29999999999983,18.73588366336635
38.39999999999983,18.727762376237635
38.49999999999983,18.719641089108922
38.599999999999824,18.711519801980213
38.699999999999825,18.7033985148515
38.79999999999983,18.695277227722784
38.89999999999983,18.68715594059407
38.99999999999983,18.679034653465358
39.099999999999824,18.67091336633665
39.199999999999825,18.662792079207932
39.29999999999983,18.65467079207922
39.39999999999982,18.64654950495051
39.49999999999982,18.638428217821797
39.599999999999824,18.63030693069308
39.699999999999825,18.622185643564368
39.79999999999983,18.614064356435655
39.89999999999982,18.605943069306946
39.99999999999982,18.59782178217823
40.099999999999824,18.589700495049517
40.19999999999982,18.581579207920807
40.29999999999982,18.57349508942831
40.39999999999982,18.565751357393818
40.49999999999982,18.558007625359323
40.599999999999824,18.55026389332483
40.69999999999982,18.542520161290337
40.79999999999982,18.534776429255842
40.89999999999982,18.527032697221347
40.999999999999815,18.519288965186856
41.09999999999982,18.51154523315236
41.19999999999982,18.503801501117866
41.29999999999982,18.49605776908337
41.39999999999982,18.48831403704888
41.499999999999815,18.480570305014385
41.59999999999982,18.47282657297989
41.69999999999982,18.4650828409454
41.79999999999981,18.457339108910904
41.899999999999814,18.44959537687641
41.999999999999815,18.44185164484192
42.09999999999982,18.434107912807423
42.19999999999982,18.42636418077293
42.29999999999981,18.418620448738437
42.399999999999814,18.410876716703942
42.499999999999815,18.403132984669448
42.59999999999981,18.395389252634956
42.69999999999981,18.38764552060046
42.79999999999981,18.379901788565967
42.899999999999814,18.37215805653147
42.999999999999815,18.36441432449698
43.09999999999981,18.356670592462486
43.19999999999981,18.34892686042799
43.29999999999981,18.3411831283935
43.39999999999981,18.333439396359005
43.49999999999981,18.32569566432451
43.59999999999981,18.31795193229002
43.69999999999981,18.310208200255524
43.79999999999981,18.30246446822103
43.89999999999981,18.294720736186537
43.99999999999981,18.286977004152043
44.09999999999981,18.279233272117548
44.199999999999804,18.271489540083056
44.299999999999805,18.26374580804856
44.39999999999981,18.256002076014067
44.49999999999981,18.248258343979572
44.59999999999981,18.24051461194508
44.699999999999804,18.232770879910586
44.799999999999805,18.22502714787609
44.89999999999981,18.2172834158416
44.9999999999998,18.209539683807105
45.0999999999998,18.20179595177261
45.199999999999804,18.19405221973812
45.299999999999805,18.186308487703624
45.39999999999981,18.17856475566913
45.4999999999998,18.170821023634637
45.5999999999998,18.163077291600143
45.699999999999804,18.155333559565648
45.7999999999998,18.147589827531156
45.8999999999998,18.13984609549666
45.9999999999998,18.132102363462167
46.0999999999998,18.124358631427672
46.199999999999804,18.11661489939318
46.2999999999998,18.108871167358686
46.3999999999998,18.10112743532419
46.4999999999998,18.0933837032897
46.599999999999795,18.085639971255205
46.6999999999998,18.07789623922071
46.7999999999998,18.07015250718622
46.8999999999998,18.062408775151724
46.9999999999998,18.05466504311723
47.099999999999795,18.046921311082738
47.1999999999998,18.039177579048243
47.2999999999998,18.031433847013748
47.39999999999979,18.023690114979257
47.499999999999794,18.01594638294476
47.599999999999795,18.008202650910267
47.6999999999998,18.000458918875776
47.7999999999998,17.99271518684128
47.89999999999979,17.984971454806786
47.999999999999794,17.977227722772295
48.099999999999795,17.9694839907378
48.19999999999979,17.961740258703305
48.29999999999979,17.95399652666881
48.39999999999979,17.94625279463432
48.499999999999794,17.938509062599824
48.599999999999795,17.93076533056533
48.69999999999979,17.923021598530838
48.79999999999979,17.915277866496343
48.89999999999979,17.907534134461848
48.99999999999979,17.899790402427357
49.09999999999979,17.892046670392862
49.19999999999979,17.884302938358367
49.29999999999979,17.876559206323876
49.39999999999979,17.86881547428938
49.49999999999979,17.861071742254886
49.59999999999979,17.853328010220395
49.69999999999979,17.8455842781859
49.799999999999784,17.837840546151405
49.899999999999785,17.830096814116914
49.99999999999979,17.82235308208242
50.09999999999979,17.814609350047924
50.19999999999979,17.80686561801343
50.299999999999784,17.799121885978938
50.399999999999785,17.791378153944443
50.49999999999979,17.783634421909948
50.59999999999978,17.781131333721586
50.69999999999978,17.79082629586486
50.799999999999784,17.800521258008132
50.899999999999785,17.810216220151407
50.99999999999979,17.81991118229468
51.09999999999978,17.829606144437953
51.19999999999978,17.839301106581225
51.299999999999784,17.8489960687245
51.39999999999978,17.85869103086777
51.49999999999978,17.868385993011046
51.59999999999978,17.878080955154317
51.69999999999978,17.887775917297592
51.799999999999784,17.897470879440863
51.89999999999978,17.90716584158414
51.99999999999978,17.91686080372741
52.09999999999978,17.926555765870685
52.199999999999775,17.936250728013956
52.29999999999978,17.94594569015723
52.39999999999978,17.955640652300502
52.49999999999978,17.965335614443777
52.59999999999978,17.97503057658705
52.699999999999775,17.98472553873032
52.79999999999978,17.994420500873595
52.89999999999978,18.00411546301687
52.99999999999977,18.01381042516014
53.099999999999774,18.023505387303413
53.199999999999775,18.033200349446687
53.29999999999978,18.042895311589962
53.39999999999978,18.052590273733234
53.49999999999977,18.062285235876505
53.599999999999774,18.07198019801978
53.699999999999775,18.081675160163055
53.79999999999977,18.091370122306326
53.89999999999977,18.101065084449598
53.99999999999977,18.110760046592873
54.09999999999977,18.120455008736144
54.199999999999775,18.13014997087942
54.29999999999977,18.13984493302269
54.39999999999978,18.149539895165965
54.49999999999977,18.159234857309237
54.59999999999977,18.16892981945251
54.699999999999775,18.178624781595786
54.79999999999977,18.188319743739058
54.899999999999764,18.19801470588233
54.99999999999977,18.207709668025604
55.09999999999977,18.217404630168875
55.19999999999976,18.22709959231215
55.29999999999977,18.23679455445542
55.399999999999764,18.246489516598697
55.49999999999977,18.25618447874197
55.59999999999977,18.265879440885243
55.69999999999976,18.275574403028514
55.79999999999977,18.28526936517179
55.899999999999764,18.29496432731506
55.99999999999977,18.304659289458336
56.09999999999977,18.314354251601607
56.19999999999976,18.324049213744882
56.29999999999977,18.331398514851468
56.399999999999764,18.338564356435626
56.49999999999976,18.345730198019783
56.59999999999977,18.352896039603944
56.69999999999976,18.360061881188102
56.799999999999756,18.36722772277226
56.899999999999764,18.37439356435642
56.99999999999976,18.38155940594058
57.09999999999977,18.388725247524736
57.19999999999976,18.395891089108893
57.299999999999756,18.40305693069305
57.399999999999764,18.410222772277212
57.49999999999976,18.41738861386137
57.59999999999977,18.424554455445527
57.69999999999976,18.431720297029685
57.799999999999756,18.438886138613846
57.899999999999764,18.446051980198003
57.99999999999976,18.45321782178216
58.09999999999975,18.46038366336632
58.19999999999976,18.46754950495048
58.299999999999756,18.474715346534637
58.39999999999975,18.481881188118795
58.49999999999976,18.489047029702952
58.59999999999975,18.49621287128711
58.69999999999976,18.50337871287127
58.799999999999756,18.51054455445543
58.89999999999975,18.517710396039586
58.99999999999976,18.524876237623744
59.09999999999975,18.532042079207905
59.19999999999976,18.53891989198919
59.299999999999756,18.542611386138606
59.39999999999975,18.54630288028802
59.49999999999976,18.549994374437436
59.59999999999975,18.55368586858685
59.69999999999975,18.557377362736265
59.799999999999756,18.56106885688568
59.89999999999975,18.564760351035094
59.999999999999744,18.56845184518451
60.09999999999975,18.572143339333923
60.19999999999975,18.575834833483338
60.299999999999756,18.579526327632756
60.39999999999975,18.58321782178217
60.499999999999744,18.586909315931585
60.59999999999975,18.590600810081
60.69999999999975,18.594292304230414
60.799999999999756,18.59798379837983
60.89999999999975,18.601675292529244
60.999999999999744,18.60536678667866
61.09999999999975,18.609058280828073
61.19999999999975,18.612749774977488
61.29999999999974,18.616441269126902
61.39999999999975,18.620132763276317
61.499999999999744,18.62382425742573
61.59999999999974,18.627515751575146
61.69999999999975,18.631207245724564
61.79999999999974,18.63489873987398
61.89999999999975,18.638590234023393
61.999999999999744,18.642281728172808
62.09999999999974,18.645973222322223
62.19999999999975,18.649664716471637
62.29999999999974,18.65335621062105
62.39999999999975,18.657047704770466
62.499999999999744,18.66073919891988
62.59999999999974,18.664430693069296
62.69999999999975,18.66812218721871
62.79999999999974,18.67181368136813
62.899999999999736,18.675505175517543
62.999999999999744,18.679196669666958
63.09999999999974,18.682888163816372
63.19999999999973,18.686579657965787
63.29999999999974,18.6902711521152
63.399999999999736,18.693962646264616
63.499999999999744,18.69765414041403
63.59999999999974,18.701345634563445
63.69999999999973,18.70503712871286
63.79999999999974,18.708728622862274
63.899999999999736,18.71242011701169
63.999999999999744,18.716111611161107
64.09999999999974,18.719803105310522
64.19999999999973,18.723494599459936
64.29999999999974,18.72718609360935
64.39999999999974,18.730877587758766
64.49999999999973,18.73456908190818
64.59999999999974,18.738260576057595
64.69999999999973,18.7402927864215
64.79999999999973,18.7394738330976
64.89999999999974,18.738654879773694
64.99999999999973,18.73783592644979
65.09999999999974,18.737016973125886
65.19999999999973,18.736198019801982
65.29999999999973,18.735379066478078
65.39999999999974,18.734560113154174
65.49999999999973,18.73374115983027
65.59999999999974,18.732922206506366
65.69999999999973,18.732103253182462
65.79999999999973,18.731284299858558
65.89999999999974,18.730465346534654
65.99999999999973,18.72964639321075
66.09999999999972,18.728827439886846
66.19999999999973,18.728008486562942
66.29999999999973,18.727189533239038
66.39999999999972,18.726370579915134
66.49999999999973,18.725551626591233
66.59999999999972,18.72473267326733
66.69999999999973,18.723913719943425
66.79999999999973,18.72309476661952
66.89999999999972,18.722275813295617
66.99999999999973,18.721456859971713
67.09999999999972,18.72063790664781
67.19999999999973,18.719818953323905
67.29999999999973,18.719
67.39999999999972,18.718181046676097
67.49999999999973,18.717362093352193
67.59999999999972,18.71654314002829
67.69999999999972,18.715724186704385
67.79999999999973,18.71490523338048
67.89999999999972,18.714086280056577
67.99999999999972,18.713267326732673
68.09999999999972,18.71244837340877
68.19999999999972,18.71162942008487
68.29999999999973,18.710810466760964
68.39999999999972,18.70999151343706
68.49999999999972,18.709172560113156
68.59999999999972,18.708353606789252
68.69999999999972,18.70753465346535
68.79999999999973,18.706715700141444
68.89999999999972,18.70589674681754
68.99999999999972,18.705077793493636
69.09999999999972,18.704258840169732
69.19999999999972,18.70343988684583
69.29999999999971,18.702620933521924
69.39999999999972,18.70180198019802
69.49999999999972,18.700983026874116
69.59999999999971,18.700164073550212
69.69999999999972,18.699345120226308
69.79999999999971,18.698526166902404
69.89999999999972,18.697707213578504
69.99999999999972,18.6968882602546
70.09999999999971,18.696069306930696
70.19999999999972,18.69525035360679
70.29999999999971,18.694431400282888
70.39999999999972,18.693612446958983
70.49999999999972,18.692598406182086
70.59999999999971,18.691200193190053
70.69999999999972,18.689801980198023
70.79999999999971,18.68840376720599
70.89999999999971,18.68700555421396
70.99999999999972,18.68560734122193
71.09999999999971,18.6842091282299
71.1999999999997,18.68281091523787
71.29999999999971,18.681412702245836
71.39999999999971,18.680014489253807
71.49999999999972,18.678616276261774
71.59999999999971,18.677218063269745
71.6999999999997,18.675819850277716
71.79999999999971,18.674421637285683
71.89999999999971,18.673023424293653
71.99999999999972,18.67162521130162
72.09999999999971,18.67022699830959
72.1999999999997,18.668828785317558
72.29999999999971,18.66743057232553
72.39999999999971,18.666032359333496
72.4999999999997,18.664634146341466
72.59999999999971,18.663235933349437
72.6999999999997,18.661837720357404
72.7999999999997,18.660439507365375
72.89999999999971,18.659041294373342
72.9999999999997,18.657643081381313
73.09999999999971,18.65624486838928
73.1999999999997,18.65484665539725
73.2999999999997,18.65344844240522
73.39999999999971,18.652050229413188
73.4999999999997,18.65065201642116
73.59999999999971,18.649253803429126
73.6999999999997,18.647855590437096
73.7999999999997,18.646457377445063
73.89999999999971,18.645059164453034
73.9999999999997,18.643660951461
74.0999999999997,18.642262738468972
74.1999999999997,18.640864525476943
74.2999999999997,18.63946631248491
74.3999999999997,18.63806809949288
74.4999999999997,18.636669886500847
74.5999999999997,18.635271673508818
74.6999999999997,18.633873460516785
74.7999999999997,18.632475247524756
74.8999999999997,18.631077034532726
74.9999999999997,18.629678821540693
75.0999999999997,18.628280608548664
75.1999999999997,18.62688239555663
75.2999999999997,18.625484182564602
75.3999999999997,18.62408596957257
75.4999999999997,18.62268775658054
75.5999999999997,18.621289543588507
75.69999999999969,18.619891330596477
75.7999999999997,18.618493117604448
75.8999999999997,18.617094904612415
75.99999999999969,18.615696691620386
76.0999999999997,18.614298478628353
76.19999999999969,18.612900265636323
76.2999999999997,18.61150205264429
76.3999999999997,18.61010383965226
76.49999999999969,18.60870562666023
76.5999999999997,18.6073074136682
76.69999999999969,18.60590920067617
76.7999999999997,18.604510987684137
76.8999999999997,18.603112774692107
76.99999999999969,18.601714561700074
77.0999999999997,18.600316348708045
77.19999999999969,18.598918135716012
77.29999999999968,18.596921852899584
77.3999999999997,18.593850777934946
77.49999999999969,18.590779702970305
77.59999999999968,18.587708628005668
77.69999999999969,18.584637553041027
77.79999999999968,18.58156647807639
77.8999999999997,18.57849540311175
77.99999999999969,18.575424328147108
78.09999999999968,18.57235325318247
78.19999999999969,18.56928217821783
78.29999999999968,18.566211103253192
78.3999999999997,18.56314002828855
78.49999999999969,18.560068953323913
78.59999999999968,18.556997878359272
78.69999999999969,18.553926803394635
78.79999999999968,18.550855728429994
78.89999999999968,18.547784653465357
78.99999999999969,18.544713578500716
79.09999999999968,18.541642503536078
79.19999999999968,18.538571428571437
79.29999999999968,18.5355003536068
79.39999999999968,18.53242927864216
79.49999999999969,18.52935820367752
79.59999999999968,18.52628712871288
79.69999999999968,18.523216053748243
79.79999999999968,18.520144978783602
79.89999999999968,18.517073903818964
79.99999999999969,18.514002828854323
80.09999999999968,18.510931753889686
80.19999999999968,18.507860678925045
80.29999999999968,18.504789603960408
80.39999999999968,18.501718528995767
80.49999999999967,18.49864745403113
80.59999999999968,18.495576379066488
80.69999999999968,18.49250530410185
80.79999999999967,18.488943894389454
80.89999999999968,18.48496287128714
80.99999999999967,18.480981848184832
81.09999999999968,18.47700082508252
81.19999999999968,18.47301980198021
81.29999999999967,18.469038778877902
81.39999999999968,18.46505775577559
81.49999999999967,18.46107673267328
81.59999999999968,18.45709570957097
81.69999999999968,18.45311468646866
81.79999999999967,18.44913366336635
81.89999999999968,18.44515264026404
81.99999999999967,18.44117161716173
82.09999999999967,18.43719059405942
82.19999999999968,18.43320957095711
82.29999999999967,18.429228547854798
82.39999999999966,18.42524752475249
82.49999999999967,18.42126650165018
82.59999999999967,18.417285478547868
82.69999999999968,18.41330445544556
82.79999999999967,18.40932343234325
82.89999999999966,18.405342409240937
82.99999999999967,18.40136138613863
83.09999999999967,18.397380363036316
83.19999999999968,18.393399339934007
83.29999999999967,18.389418316831698
83.39999999999966,18.385437293729385
83.49999999999967,18.381456270627076
83.59999999999967,18.377475247524767
83.69999999999966,18.373494224422455
83.79999999999967,18.369513201320146
83.89999999999966,18.365532178217837
83.99999999999966,18.361551155115524
84.09999999999967,18.357570132013215
84.19999999999966,18.353589108910906
84.29999999999967,18.349608085808594
84.39999999999966,18.345627062706285
84.49999999999966,18.341646039603976
84.59999999999967,18.337665016501663
84.69999999999966,18.333683993399355
84.79999999999967,18.329702970297042
84.89999999999966,18.325721947194733
84.99999999999966,18.321740924092424
85.09999999999967,18.31775990099011
85.19999999999966,18.313778877887803
85.29999999999966,18.309797854785494
85.39999999999966,18.30581683168318
85.49999999999966,18.301835808580872
85.59999999999965,18.297854785478563
85.69999999999966,18.29387376237625
85.79999999999966,18.28989273927394
85.89999999999966,18.285911716171633
85.99999999999966,18.28193069306932
86.09999999999965,18.27794966996701
86.19999999999966,18.273968646864702
86.29999999999966,18.26998762376239
86.39999999999966,18.26600660066008
86.49999999999966,18.26202557755777
86.59999999999965,18.25804455445546
86.69999999999966,18.25406353135315
86.79999999999966,18.250674504950506
86.89999999999965,18.2473901608911
86.99999999999966,18.244105816831695
87.09999999999965,18.24082147277229
87.19999999999965,18.237537128712884
87.29999999999966,18.234252784653478
87.39999999999965,18.230968440594072
87.49999999999966,18.227684096534666
87.59999999999965,18.22439975247526
87.69999999999965,18.221115408415855
87.79999999999966,18.21783106435645
87.89999999999965,18.214546720297044
87.99999999999966,18.211262376237634
88.09999999999965,18.20797803217823
88.19999999999965,18.204693688118823
88.29999999999966,18.201409344059417
88.39999999999965,18.19812500000001
88.49999999999964,18.194840655940606
88.59999999999965,18.1915563118812
88.69999999999965,18.188271967821795
88.79999999999964,18.18498762376239
88.89999999999965,18.181703279702983
88.99999999999964,18.178418935643577
89.09999999999965,18.17513459158417
89.19999999999965,18.171850247524766
89.29999999999964,18.16856590346536
89.39999999999965,18.165281559405955
89.49999999999964,18.16199721534655
89.59999999999965,18.158712871287143
89.69999999999965,18.155428527227738
89.79999999999964,18.152144183168332
89.89999999999965,18.148859839108923
89.99999999999964,18.145575495049517
90.09999999999964,18.14229115099011
90.19999999999965,18.139006806930706
90.29999999999964,18.1357224628713
90.39999999999964,18.132438118811894
90.49999999999964,18.12915377475249
90.59999999999964,18.125869430693083
90.69999999999965,18.12253025302532
90.79999999999964,18.118283828382857
90.89999999999964,18.11403740374039
90.99999999999964,18.109790979097927
91.09999999999964,18.105544554455463
91.19999999999965,18.101298129813
91.29999999999964,18.097051705170536
91.39999999999964,18.092805280528072
91.49999999999964,18.088558855885605
91.59999999999964,18.08431243124314
91.69999999999963,18.080066006600678
91.79999999999964,18.075819581958214
91.89999999999964,18.07157315731575
91.99999999999963,18.067326732673283
92.09999999999964,18.06308030803082
92.19999999999963,18.058833883388356
92.29999999999964,18.054587458745893
92.39999999999964,18.05034103410343
92.49999999999963,18.046094609460965
92.59999999999964,18.041848184818498
92.69999999999963,18.037601760176035
92.79999999999964,18.03335533553357
92.89999999999964,18.029108910891107
92.99999999999963,18.024862486248644
93.09999999999964,18.020616061606177
93.19999999999963,18.016369636963713
93.29999999999963,18.01212321232125
93.39999999999964,18.007876787678786
93.49999999999963,18.003630363036322
93.59999999999962,17.99938393839386
93.69999999999963,17.99513751375139
93.79999999999963,17.990891089108928
93.89999999999964,17.986644664466464
93.99999999999963,17.982398239824
94.09999999999962,17.978151815181537
94.19999999999963,17.97390539053907
94.29999999999963,17.969658965896606
94.39999999999964,17.965412541254143
94.49999999999963,17.96116611661168
94.59999999999962,17.956919691969215
94.69999999999963,17.952673267326748
94.79999999999963,17.948426842684285
94.89999999999962,17.94418041804182
94.99999999999963,17.939933993399357
95.09999999999962,17.935687568756894
95.19999999999962,17.934202096680238
95.29999999999963,17.93947109784506
95.39999999999962,17.944740099009884
95.49999999999963,17.950009100174707
95.59999999999962,17.955278101339527
95.69999999999962,17.96054710250435
95.79999999999963,17.965816103669173
95.89999999999962,17.971085104833996
95.99999999999963,17.976354105998816
96.09999999999962,17.98162310716364
96.19999999999962,17.986892108328462
96.29999999999963,17.992161109493285
96.39999999999962,17.997430110658104
96.49999999999962,18.002699111822928
96.59999999999962,18.00796811298775
96.69999999999962,18.013237114152574
96.79999999999961,18.018506115317393
96.89999999999962,18.023775116482216
96.99999999999962,18.02904411764704
97.09999999999962,18.034313118811863
97.19999999999962,18.039582119976686
97.29999999999961,18.044851121141505
97.39999999999962,18.05012012230633
97.49999999999962,18.05538912347115
97.59999999999962,18.060658124635975
97.69999999999962,18.065927125800798
97.79999999999961,18.071196126965617
97.89999999999962,18.07646512813044
97.99999999999962,18.081734129295263
98.09999999999961,18.087003130460086
98.19999999999962,18.09227213162491
98.29999999999961,18.09754113278973
98.39999999999961,18.102810133954552
98.49999999999962,18.108079135119375
98.59999999999961,18.1133481362842
98.69999999999962,18.11861713744902
98.79999999999961,18.12388613861384
98.89999999999961,18.129155139778664
98.99999999999962,18.134424140943487
99.09999999999961,18.13969314210831
99.19999999999962,18.14496214327313
99.29999999999961,18.150231144437953
99.39999999999961,18.155500145602776
99.49999999999962,18.1607691467676
99.59999999999961,18.16603814793242
99.6999999999996,18.17130714909724
99.79999999999961,18.176576150262065
99.89999999999961,18.181845151426888
99.9999999999996,18.187114152591707
100.09999999999961,18.19238315375653
100.1999999999996,18.197652154921354
100.29999999999961,18.202921156086177
100.39999999999961,18.208190157251
100.4999999999996,18.21345915841582
100.59999999999961,18.218728159580643
100.6999999999996,18.223997160745466
100.79999999999961,18.22926616191029
100.89999999999961,18.23436681571381
100.9999999999996,18.23945225167676
101.09999999999961,18.244537687639713
101.1999999999996,18.249623123602664
101.2999999999996,18.254708559565614
101.39999999999961,18.259793995528565
101.4999999999996,18.264879431491515
101.5999999999996,18.269964867454465
101.6999999999996,18.27505030341742
101.7999999999996,18.28013573938037
101.89999999999961,18.28522117534332
101.9999999999996,18.29030661130627
102.0999999999996,18.29539204726922
102.1999999999996,18.300477483232175
102.2999999999996,18.305562919195125
102.39999999999961,18.310648355158076
102.4999999999996,18.315733791121026
102.5999999999996,18.320819227083977
102.6999999999996,18.32590466304693
102.7999999999996,18.33099009900988
102.8999999999996,18.33607553497283
102.9999999999996,18.341160970935782
103.0999999999996,18.346246406898732
103.19999999999959,18.351331842861686
103.2999999999996,18.356417278824637
103.3999999999996,18.361502714787587
103.4999999999996,18.366588150750538
103.5999999999996,18.371673586713488
103.69999999999959,18.376759022676442
103.7999999999996,18.381844458639392
103.8999999999996,18.386929894602343
103.9999999999996,18.392015330565293
104.0999999999996,18.397100766528244
104.19999999999959,18.402186202491198
104.2999999999996,18.407271638454148
104.3999999999996,18.4123570744171
104.49999999999959,18.41744251038005
104.5999999999996,18.422527946343003
104.69999999999959,18.427613382305953
104.79999999999959,18.432698818268904
104.8999999999996,18.437784254231854
104.99999999999959,18.442869690194804
105.0999999999996,18.44795512615776
105.19999999999959,18.45304056212071
105.29999999999959,18.45812599808366
105.3999999999996,18.46321143404661
105.49999999999959,18.46829687000956
105.5999999999996,18.473382305972514
105.69999999999959,18.478467741935464
105.79999999999959,18.483553177898415
105.8999999999996,18.488638613861365
105.99999999999959,18.493564356435623
106.09999999999958,18.498341584158396
106.19999999999959,18.50311881188117
106.29999999999959,18.507896039603942
106.39999999999958,18.51267326732671
106.49999999999959,18.517450495049484
106.59999999999958,18.522227722772257
106.69999999999959,18.52700495049503
106.79999999999959,18.531782178217803
106.89999999999958,18.536559405940576
106.99999999999959,18.54133663366335
107.09999999999958,18.546113861386118
107.19999999999959,18.55089108910889
107.29999999999959,18.555668316831664
107.39999999999958,18.560445544554437
107.49999999999959,18.562523472174803
107.59999999999958,18.562770570160463
107.69999999999958,18.563017668146124
107.79999999999959,18.563264766131784
107.89999999999958,18.563511864117444
107.99999999999957,18.563758962103105
108.09999999999958,18.564006060088765
108.19999999999958,18.56425315807443
108.29999999999959,18.56450025606009
108.39999999999958,18.56474735404575
108.49999999999957,18.56499445203141
108.59999999999958,18.56524155001707
108.69999999999958,18.56548864800273
108.79999999999959,18.56573574598839
108.89999999999958,18.56598284397405
108.99999999999957,18.566229941959712
109.09999999999958,18.566477039945372
109.19999999999958,18.566724137931033
109.29999999999957,18.566971235916693
109.39999999999958,18.567218333902353
109.49999999999957,18.567465431888014
109.59999999999957,18.567712529873674
109.69999999999958,18.567959627859338
109.79999999999957,18.568206725845
109.89999999999958,18.56845382383066
109.99999999999957,18.56870092181632
110.09999999999957,18.56894801980198
110.19999999999958,18.56919511778764
110.29999999999957,18.5694422157733
110.39999999999958,18.56968931375896
110.49999999999957,18.56993641174462
110.59999999999957,18.57018350973028
110.69999999999958,18.57043060771594
110.79999999999957,18.570677705701602
110.89999999999957,18.570924803687262
110.99999999999957,18.571171901672923
111.09999999999957,18.571418999658583
111.19999999999956,18.571666097644247
111.29999999999957,18.571913195629907
111.39999999999957,18.572160293615568
111.49999999999957,18.572407391601228
111.59999999999957,18.57265448958689
111.69999999999956,18.57290158757255
111.79999999999957,18.57314868555821
111.89999999999957,18.57339578354387
111.99999999999957,18.57364288152953
112.09999999999957,18.57388997951519
112.19999999999956,18.57413707750085
112.29999999999957,18.574097610848042
112.39999999999957,18.573786052518294
112.49999999999956,18.57347449418855
112.59999999999957,18.573162935858804
112.69999999999956,18.57285137752906
112.79999999999956,18.57253981919931
112.89999999999957,18.572228260869565
112.99999999999956,18.57191670253982
113.09999999999957,18.571605144210075
113.19999999999956,18.571293585880326
113.29999999999956,18.57098202755058
113.39999999999957,18.570670469220836
113.49999999999956,18.57035891089109
113.59999999999957,18.570047352561343
113.69999999999956,18.569735794231597
113.79999999999956,18.569424235901852
113.89999999999957,18.569112677572107
113.99999999999956,18.56880111924236
114.09999999999955,18.568489560912614
114.19999999999956,18.56817800258287
114.29999999999956,18.567866444253124
114.39999999999955,18.567554885923375
114.49999999999956,18.56724332759363
114.59999999999955,18.566931769263885
114.69999999999956,18.56662021093414
114.79999999999956,18.56630865260439
114.89999999999955,18.565997094274646
114.99999999999956,18.5656855359449
115.09999999999955,18.565373977615153
115.19999999999956,18.565062419285407
115.29999999999956,18.564750860955662
115.39999999999955,18.564439302625917
115.49999999999956,18.56412774429617
115.59999999999955,18.563816185966424
115.69999999999955,18.56350462763668
115.79999999999956,18.563193069306934
115.89999999999955,18.562881510977185
115.99999999999955,18.56256995264744
116.09999999999955,18.561414484190365
116.19999999999955,18.558871766208892
116.29999999999956,18.556329048227415
116.39999999999955,18.55378633024594
116.49999999999955,18.551243612264464
116.59999999999955,18.548700894282987
116.69999999999955,18.546158176301514
116.79999999999956,18.543615458320037
116.89999999999955,18.54107274033856
116.99999999999955,18.538530022357087
117.09999999999955,18.53598730437561
117.19999999999955,18.533444586394136
117.29999999999954,18.53090186841266
117.39999999999955,18.528359150431182
117.49999999999955,18.52581643244971
117.59999999999954,18.523273714468232
117.69999999999955,18.52073099648676
117.79999999999954,18.51818827850528
117.89999999999955,18.515645560523804
117.99999999999955,18.51310284254233
118.09999999999954,18.510560124560854
118.19999999999953,18.50801740657938
118.29999999999956,18.505474688597904
118.39999999999955,18.502931970616427
118.49999999999955,18.500389252634953
118.59999999999954,18.497846534653476
118.69999999999953,18.495303816672003
118.79999999999956,18.492761098690526
118.89999999999955,18.49021838070905
118.99999999999955,18.487675662727575
119.09999999999954,18.4851329447461
119.19999999999953,18.482590226764625
119.29999999999953,18.480047508783148
119.39999999999955,18.47750479080167
119.49999999999955,18.474962072820198
119.59999999999954,18.47241935483872
119.69999999999953,18.469876636857244
119.79999999999953,18.46733391887577
119.89999999999955,18.464791200894293
119.99999999999955,18.46224848291282
120.09999999999954,18.459705764931343
120.19999999999953,18.457163046949866
120.29999999999953,18.454620328968392
120.39999999999952,18.452077610986915
120.49999999999955,18.44953489300544
120.59999999999954,18.446992175023965
120.69999999999953,18.444449457042488
120.79999999999953,18.441906739061015
120.89999999999952,18.439364021079538
120.99999999999955,18.43682130309806
121.09999999999954,18.434278585116587
121.19999999999953,18.43173586713511
121.29999999999953,18.429626365653814
121.39999999999952,18.4275260327757
121.49999999999955,18.425425699897584
121.59999999999954,18.42332536701947
121.69999999999953,18.421225034141354
121.79999999999953,18.41912470126324
121.89999999999952,18.417024368385125
121.99999999999955,18.414924035507006
122.09999999999954,18.41282370262889
122.19999999999953,18.410723369750777
122.29999999999953,18.40862303687266
122.39999999999952,18.406522703994547
122.49999999999952,18.404422371116432
122.59999999999954,18.402322038238314
122.69999999999953,18.4002217053602
122.79999999999953,18.398121372482084
122.89999999999952,18.39602103960397
122.99999999999952,18.393920706725854
123.09999999999954,18.39182037384774
123.19999999999953,18.389720040969625
123.29999999999953,18.387619708091506
123.39999999999952,18.38551937521339
123.49999999999952,18.383419042335277
123.59999999999951,18.38131870945716
123.69999999999953,18.379218376579047
123.79999999999953,18.377118043700932
123.89999999999952,18.375017710822817
123.99999999999952,18.3729173779447
124.09999999999951,18.370817045066584
124.19999999999953,18.36871671218847
124.29999999999953,18.366616379310354
124.39999999999952,18.36451604643224
124.49999999999952,18.362415713554125
124.59999999999951,18.36031538067601
124.69999999999953,18.35821504779789
124.79999999999953,18.356114714919777
124.89999999999952,18.35401438204166
124.99999999999952,18.351914049163547
125.09999999999951,18.349813716285432
125.19999999999953,18.347713383407317
125.29999999999953,18.3456130505292
125.39999999999952,18.343512717651084
125.49999999999952,18.34141238477297
125.59999999999951,18.339312051894854
125.6999999999995,18.33721171901674
125.79999999999953,18.335111386138625
125.89999999999952,18.33301105326051
125.99999999999952,18.33091072038239
126.09999999999951,18.328810387504276
126.1999999999995,18.32671005462616
126.29999999999953,18.324609721748047
126.39999999999952,18.322509388869932
126.49999999999952,18.320409055991817
126.59999999999951,18.318308723113702
126.6999999999995,18.316208390235584
126.7999999999995,18.31410805735747
126.89999999999952,18.312007724479354
126.99999999999952,18.30990739160124
127.09999999999951,18.307807058723125
127.1999999999995,18.30570672584501
127.2999999999995,18.303606392966895
127.39999999999952,18.301506060088776
127.49999999999952,18.29940572721066
127.59999999999951,18.297305394332547
127.6999999999995,18.295205061454432
127.7999999999995,18.293104728576317
127.89999999999952,18.2910043956982
127.99999999999952,18.288904062820084
128.0999999999995,18.28680372994197
128.1999999999995,18.284703397063854
128.2999999999995,18.28260306418574
128.39999999999952,18.280502731307624
128.49999999999952,18.27840239842951
128.5999999999995,18.27630206555139
128.6999999999995,18.274201732673276
128.7999999999995,18.27210139979516
128.8999999999995,18.270001066917047
128.99999999999952,18.267900734038932
129.0999999999995,18.265800401160817
129.1999999999995,18.263700068282702
129.2999999999995,18.261599735404587
129.3999999999995,18.25949940252647
129.49999999999952,18.257399069648354
129.5999999999995,18.25529873677024
129.6999999999995,18.253198403892124
129.7999999999995,18.25109807101401
129.8999999999995,18.248997738135895
129.9999999999995,18.24689740525778
130.0999999999995,18.24479707237966
130.1999999999995,18.242696739501547
130.2999999999995,18.240596406623432
130.3999999999995,18.238496073745317
130.4999999999995,18.236395740867202
130.5999999999995,18.234295407989084
130.6999999999995,18.23219507511097
130.7999999999995,18.230094742232854
130.8999999999995,18.22807079207922
130.9999999999995,18.226064356435653
131.0999999999995,18.224057920792088
131.1999999999995,18.222051485148526
131.2999999999995,18.22004504950496
131.3999999999995,18.218038613861395
131.4999999999995,18.216032178217834
131.5999999999995,18.214025742574268
131.6999999999995,18.212019306930703
131.7999999999995,18.210012871287137
131.8999999999995,18.208006435643576
131.9999999999995,18.20600000000001
132.09999999999948,18.203993564356445
132.1999999999995,18.20198712871288
132.2999999999995,18.199980693069318
132.3999999999995,18.197974257425752
132.4999999999995,18.195967821782187
132.59999999999948,18.193961386138625
132.6999999999995,18.19195495049506
132.7999999999995,18.189948514851494
132.8999999999995,18.18794207920793
132.9999999999995,18.185935643564367
133.09999999999948,18.1839292079208
133.19999999999948,18.181922772277236
133.2999999999995,18.179916336633674
133.3999999999995,18.17790990099011
133.4999999999995,18.175903465346543
133.59999999999948,18.173897029702978
133.69999999999948,18.171890594059416
133.7999999999995,18.16988415841585
133.8999999999995,18.167877722772285
133.9999999999995,18.165871287128724
134.09999999999948,18.163864851485158
134.19999999999948,18.161858415841593
134.2999999999995,18.159851980198027
134.3999999999995,18.157845544554466
134.4999999999995,18.1558391089109
134.59999999999948,18.153832673267335
134.69999999999948,18.151826237623773
134.7999999999995,18.149819801980208
134.8999999999995,18.147813366336642
134.9999999999995,18.148195132013175
135.09999999999948,18.152773308580834
135.19999999999948,18.15735148514849
135.29999999999947,18.161929661716147
135.3999999999995,18.166507838283803
135.4999999999995,18.17108601485146
135.59999999999948,18.175664191419116
135.69999999999948,18.180242367986775
135.79999999999947,18.18482054455443
135.8999999999995,18.18939872112209
135.9999999999995,18.193976897689744
136.09999999999948,18.1985550742574
136.19999999999948,18.203133250825058
136.29999999999947,18.207711427392713
136.39999999999947,18.21228960396037
136.4999999999995,18.216867780528027
136.59999999999948,18.221445957095685
136.69999999999948,18.22602413366334
136.79999999999947,18.230602310231
136.89999999999947,18.235180486798654
136.9999999999995,18.239758663366313
137.09999999999948,18.24433683993397
137.19999999999948,18.248915016501623
137.29999999999947,18.253493193069282
137.39999999999947,18.258071369636937
137.4999999999995,18.262649546204596
137.59999999999948,18.26722772277225
137.69999999999948,18.27180589933991
137.79999999999947,18.276384075907565
137.89999999999947,18.280962252475224
137.9999999999995,18.28554042904288
138.09999999999948,18.290118605610537
138.19999999999948,18.294696782178193
138.29999999999947,18.29927495874585
138.39999999999947,18.303853135313506
138.49999999999946,18.30843131188116
138.59999999999948,18.31300948844882
138.69999999999948,18.317587665016475
138.79999999999947,18.322165841584134
138.89999999999947,18.32674401815179
138.99999999999946,18.331322194719448
139.09999999999948,18.335900371287103
139.19999999999948,18.34047854785476
139.29999999999947,18.345056724422417
139.39999999999947,18.349634900990075
139.49999999999946,18.35421307755773
139.59999999999945,18.358791254125386
139.69999999999948,18.363369430693044
139.79999999999947,18.3679476072607
139.89999999999947,18.372525783828358
139.99999999999946,18.377103960396013
140.09999999999945,18.381682136963672
140.19999999999948,18.386260313531327
140.29999999999947,18.390838490098986
140.39999999999947,18.39541666666664
140.49999999999946,18.3999948432343
140.59999999999945,18.404573019801955
140.69999999999948,18.409151196369614
140.79999999999947,18.41372937293727
140.89999999999947,18.418307549504927
140.99999999999946,18.42266785272275
141.09999999999945,18.42692257116334
141.19999999999948,18.431177289603937
141.29999999999947,18.435432008044533
141.39999999999947,18.439686726485125
141.49999999999946,18.44394144492572
141.59999999999945,18.448196163366312
141.69999999999945,18.452450881806907
141.79999999999947,18.456705600247503
141.89999999999947,18.460960318688095
141.99999999999946,18.46521503712869
142.09999999999945,18.469469755569282
142.19999999999945,18.473724474009877
142.29999999999947,18.477979192450473
142.39999999999947,18.482233910891065
142.49999999999946,18.48648862933166
142.59999999999945,18.490743347772252
142.69999999999945,18.494998066212847
142.79999999999944,18.49925278465344
142.89999999999947,18.503507503094035
142.99999999999946,18.50776222153463
143.09999999999945,18.512016939975222
143.19999999999945,18.516271658415818
143.29999999999944,18.52052637685641
143.39999999999947,18.524781095297005
143.49999999999946,18.5290358137376
143.59999999999945,18.533290532178192
143.69999999999945,18.537545250618788
143.79999999999944,18.54179996905938
143.89999999999947,18.546054687499975
143.99999999999946,18.55030940594057
144.09999999999945,18.554564124381162
144.19999999999945,18.558818842821758
144.29999999999944,18.56307356126235
144.39999999999947,18.567328279702945
144.49999999999946,18.57158299814354
144.59999999999945,18.575837716584132
144.69999999999945,18.580092435024728
144.79999999999944,18.584347153465323
144.89999999999944,18.588601871905915
144.99999999999946,18.59285659034651
145.09999999999945,18.597111308787103
145.19999999999945,18.601366027227698
145.29999999999944,18.605620745668293
145.39999999999944,18.609875464108885
145.49999999999946,18.61413018254948
145.59999999999945,18.618384900990076
145.69999999999945,18.622639619430668
145.79999999999944,18.626894337871263
145.89999999999944,18.631149056311855
145.99999999999943,18.63540377475245
146.09999999999945,18.639658493193046
146.19999999999945,18.643913211633638
146.29999999999944,18.647311881188102
146.39999999999944,18.650178217821765
146.49999999999943,18.653044554455427
146.59999999999945,18.655910891089093
146.69999999999945,18.658777227722755
146.79999999999944,18.661643564356417
146.89999999999944,18.66450990099008
146.99999999999943,18.667376237623746
147.09999999999945,18.670242574257408
147.19999999999945,18.67310891089107
147.29999999999944,18.675975247524736
147.39999999999944,18.6788415841584
147.49999999999943,18.68170792079206
147.59999999999945,18.684574257425727
147.69999999999945,18.68744059405939
147.79999999999944,18.69030693069305
147.89999999999944,18.693173267326713
147.99999999999943,18.69603960396038
148.09999999999943,18.69890594059404
148.19999999999945,18.701772277227704
148.29999999999944,18.70463861386137
148.39999999999944,18.707504950495032
148.49999999999943,18.710371287128694
148.59999999999943,18.713237623762357
148.69999999999945,18.716103960396023
148.79999999999944,18.718970297029685
148.89999999999944,18.721836633663347
148.99999999999943,18.724702970297013
149.09999999999943,18.727569306930675
149.19999999999942,18.730435643564338
149.29999999999944,18.733301980198004
149.39999999999944,18.736168316831666
149.49999999999943,18.73903465346533
149.59999999999943,18.740110011001104
149.69999999999942,18.73904840484049
149.79999999999944,18.737986798679874
149.89999999999944,18.73692519251926
149.99999999999943,18.73586358635864
150.09999999999943,18.734801980198025
150.19999999999942,18.73374037403741
150.29999999999944,18.73267876787679
150.39999999999944,18.731617161716176
150.49999999999943,18.73055555555556
150.59999999999943,18.729493949394946
150.69999999999942,18.728432343234328
150.79999999999944,18.727370737073713
150.89999999999944,18.726309130913098
150.99999999999943,18.72524752475248
151.09999999999943,18.724185918591864
151.19999999999942,18.72312431243125
151.29999999999941,18.72206270627063
151.39999999999944,18.721001100110016
151.49999999999943,18.7199394939494
151.59999999999943,18.718877887788786
151.69999999999942,18.717816281628167
151.79999999999941,18.716754675467552
151.89999999999944,18.715693069306937
151.99999999999943,18.71463146314632
152.09999999999943,18.713569856985703
152.19999999999942,18.71250825082509
152.29999999999941,18.711446644664473
152.3999999999994,18.710385038503855
152.49999999999943,18.70932343234324
152.59999999999943,18.708261826182625
152.69999999999942,18.707200220022006
152.79999999999941,18.70613861386139
152.8999999999994,18.705077007700776
152.99999999999943,18.704015401540158
153.09999999999943,18.702953795379543
153.19999999999942,18.701892189218928
153.29999999999941,18.700830583058313
153.3999999999994,18.699768976897694
153.49999999999943,18.69870737073708
153.59999999999943,18.697645764576464
153.69999999999942,18.696584158415845
153.79999999999941,18.69552255225523
153.8999999999994,18.694460946094615
153.99999999999943,18.693399339933997
154.09999999999943,18.692246287128718
154.19999999999942,18.691051980198026
154.29999999999941,18.689857673267333
154.3999999999994,18.68866336633664
154.4999999999994,18.68746905940595
154.59999999999943,18.686274752475253
154.69999999999942,18.68508044554456
154.79999999999941,18.683886138613868
154.8999999999994,18.682691831683176
154.9999999999994,18.681497524752483
155.09999999999943,18.680303217821788
155.19999999999942,18.679108910891095
155.29999999999941,18.677914603960403
155.3999999999994,18.67672029702971
155.4999999999994,18.67552599009902
155.5999999999994,18.674331683168322
155.69999999999942,18.67313737623763
155.79999999999941,18.671943069306938
155.8999999999994,18.670748762376245
155.9999999999994,18.669554455445553
156.0999999999994,18.668360148514857
156.19999999999942,18.667165841584165
156.29999999999941,18.665971534653472
156.3999999999994,18.66477722772278
156.4999999999994,18.663582920792088
156.5999999999994,18.662388613861395
156.69999999999942,18.6611943069307
156.79999999999941,18.660000000000007
156.8999999999994,18.658805693069315
156.9999999999994,18.657611386138623
157.0999999999994,18.654949932493267
157.19999999999942,18.6520184518452
157.29999999999941,18.64908697119714
157.3999999999994,18.646155490549074
157.4999999999994,18.643224009901008
157.5999999999994,18.640292529252946
157.6999999999994,18.63736104860488
157.79999999999941,18.634429567956815
157.8999999999994,18.63149808730875
157.9999999999994,18.628566606660684
158.0999999999994,18.62563512601262
158.1999999999994,18.622703645364556
158.29999999999941,18.61977216471649
158.3999999999994,18.616840684068425
158.4999999999994,18.613909203420363
158.5999999999994,18.610977722772297
158.6999999999994,18.60804624212423
158.7999999999994,18.605114761476166
158.8999999999994,18.6021832808281
158.9999999999994,18.59925180018004
159.0999999999994,18.596320319531973
159.1999999999994,18.593388838883907
159.2999999999994,18.590457358235845
159.3999999999994,18.58752587758778
159.4999999999994,18.584594396939714
159.5999999999994,18.58166291629165
159.6999999999994,18.578731435643583
159.7999999999994,18.57579995499552
159.8999999999994,18.572868474347455
