Range Time (seconds),Thrust
-3.5,-0.40067340067340124
-3.4,-0.32341119528619566
-3.3,-0.24614898989899012
-3.1999999999999997,-0.16888678451178454
-3.0999999999999996,-0.09162457912457897
-2.9999999999999996,-0.014362373737373414
-2.8999999999999995,0.023819444444444587
-2.7999999999999994,0.04971590909090909
-2.6999999999999993,0.4711260330578578
-2.599999999999999,1.7175410353535452
-2.499999999999999,2.7308006535947777
-2.399999999999999,3.6912037037037138
-2.299999999999999,4.4982218013468085
-2.199999999999999,5.046172138047143
-2.0999999999999988,5.174074883449881
-1.9999999999999987,5.231534090909094
-1.8999999999999986,5.538487699576415
-1.7999999999999985,5.994583944281531
-1.6999999999999984,6.381828703703707
-1.5999999999999983,6.572553661616164
-1.4999999999999982,6.676662457912459
-1.3999999999999981,6.7116477272727275
-1.299999999999998,6.78341307814992
-1.199999999999998,6.779791666666668
-1.0999999999999979,6.799137683654729
-0.9999999999999978,6.836910774410775
-0.8999999999999977,6.8670454545454565
-0.7999999999999976,6.880681818181818
-0.6999999999999975,6.91441498316498
-0.5999999999999974,6.873691460055097
-0.49999999999999734,6.917862519425021
-0.39999999999999725,6.9268529712013756
-0.29999999999999716,6.921921341070277
-0.19999999999999707,6.880681818181818
-0.09999999999999698,6.926726398601404
3.1086244689504383e-15,1.0058704150189957e-12
0.1000000000000032,32.35741161616214
0.2000000000000033,64.71482323232328
0.3000000000000034,97.07223484848441
0.40000000000000346,129.42964646464554
0.5000000000000036,161.78705808080667
0.6000000000000032,194.1444696969677
0.7000000000000037,226.50188131312896
0.8000000000000043,258.85929292929023
0.9000000000000039,291.21670454545125
1.0000000000000036,323.5741161616122
1.100000000000004,355.9315277777735
1.2000000000000046,388.28893939393475
1.3000000000000043,420.64635101009577
1.400000000000004,453.0037626262568
1.5000000000000044,485.36117424241803
1.600000000000005,517.7185858585793
1.7000000000000046,550.0759974747403
1.8000000000000043,582.4334090909014
1.9000000000000048,614.7908207070626
2.0000000000000053,647.1482323232239
2.100000000000005,679.5056439393849
2.2000000000000046,711.8630555555459
2.300000000000005,744.2204671717071
2.4000000000000057,776.5778787878684
2.5000000000000053,808.9352904040294
2.600000000000005,841.2927020201904
2.7000000000000055,873.6501136363516
2.800000000000006,906.007525252513
2.9000000000000057,938.3649368686739
3.0000000000000053,970.7223484848349
3.100000000000006,1003.0797601009962
3.2000000000000064,1035.4371717171575
3.300000000000006,1067.7945833333185
3.4000000000000057,1100.1519949494796
3.500000000000006,1132.5094065656408
3.6000000000000068,1164.866818181802
3.7000000000000064,1197.224229797963
3.800000000000006,1229.581641414124
3.9000000000000066,1261.9390530302853
4.000000000000007,1294.2964646464466
4.100000000000007,1326.6538762626076
4.200000000000006,1359.0112878787686
4.300000000000007,1391.3686994949298
4.4000000000000075,1423.726111111091
4.500000000000007,1456.083522727252
4.600000000000007,1488.4409343434131
4.700000000000006,1520.7983459595741
4.800000000000008,1553.1557575757356
4.9000000000000075,1585.5131691918966
5.000000000000007,1617.8705808080576
5.1000000000000085,1650.2279924242193
5.200000000000008,1682.5854040403801
5.300000000000008,1714.9428156565411
5.4000000000000075,1747.3002272727022
5.500000000000007,1779.6576388888632
5.6000000000000085,1812.0150505050249
5.700000000000008,1844.3724621211857
5.800000000000008,1876.7298737373467
5.900000000000009,1909.0872853535084
6.000000000000009,1941.4446969696694
6.1000000000000085,1973.8021085858304
6.200000000000008,2006.1595202019912
6.300000000000008,2038.5169318181522
6.400000000000009,2070.8743434343137
6.500000000000009,2103.231755050475
6.6000000000000085,2135.5891666666357
6.70000000000001,2167.9465782827974
6.80000000000001,2200.303989898958
6.900000000000009,2232.6614015151195
7.000000000000009,2265.0188131312802
7.1000000000000085,2297.3762247474415
7.20000000000001,2329.7336363636027
7.30000000000001,2362.091047979764
7.400000000000009,2394.4484595959248
7.500000000000011,2426.8058712120865
7.60000000000001,2459.1632828282477
7.70000000000001,2491.5206944444085
7.80000000000001,2523.8781060605693
7.900000000000009,2556.2355176767305
8.00000000000001,2588.592929292892
8.10000000000001,2620.950340909053
8.20000000000001,2653.307752525214
8.300000000000011,2685.6651641413755
8.400000000000011,2718.0225757575367
8.50000000000001,2750.3799873736975
8.60000000000001,2782.737398989859
8.70000000000001,2815.0948106060196
8.800000000000011,2847.4522222221813
8.900000000000011,2879.809633838342
9.00000000000001,2912.1670454545033
9.100000000000012,2944.5244570706645
9.200000000000012,2976.881868686826
9.300000000000011,3009.2392803029866
9.400000000000011,3041.596691919148
9.50000000000001,3073.9541035353086
9.600000000000012,3106.3115151514703
9.700000000000012,3138.668926767631
9.800000000000011,3171.0263383837923
9.900000000000013,3203.3837499999536
10.000000000000012,3235.741161616115
10.100000000000012,3268.0985732322756
10.200000000000012,3300.455984848437
10.300000000000011,3332.8133964645976
10.400000000000013,3365.1708080807593
10.500000000000012,3397.52821969692
10.600000000000012,3429.8856313130814
10.700000000000014,3462.243042929243
10.800000000000013,3494.600454545404
10.900000000000013,3526.9578661615647
11.000000000000012,3559.315277777726
11.100000000000012,3591.6726893938867
11.200000000000014,3624.0301010100484
11.300000000000013,3656.387512626209
11.400000000000013,3688.7449242423704
11.500000000000014,3721.102335858532
11.600000000000014,3753.459747474693
11.700000000000014,3785.817159090854
11.800000000000013,3818.174570707015
11.900000000000013,3850.5319823231757
12.000000000000014,3882.8893939393374
12.100000000000014,3915.2468055554987
12.200000000000014,3947.6042171716595
12.300000000000015,3979.961628787821
12.400000000000015,4012.319040403982
12.500000000000014,4044.676452020143
12.600000000000016,4077.0338636363044
12.700000000000014,4109.391275252465
12.800000000000015,4141.7486868686265
12.900000000000013,4174.106098484787
13.000000000000014,4206.463510100949
13.100000000000016,4238.82092171711
13.200000000000014,4271.1783333332705
13.300000000000015,4303.535744949432
13.400000000000016,4335.893156565594
13.500000000000014,4368.250568181754
13.600000000000016,4400.6079797979155
13.700000000000017,4432.965391414077
13.800000000000015,4465.322803030238
13.900000000000016,4497.680214646399
14.000000000000014,4530.03762626256
14.100000000000016,4562.395037878721
14.200000000000017,4594.752449494883
14.300000000000015,4627.109861111043
14.400000000000016,4659.4672727272045
14.500000000000014,4691.824684343365
14.600000000000016,4724.182095959527
14.700000000000017,4756.539507575689
14.800000000000015,4788.896919191849
14.900000000000016,4821.25433080801
15.000000000000018,4853.611742424172
15.100000000000016,4885.969154040332
15.200000000000017,4918.326565656494
15.300000000000018,4950.683977272655
15.400000000000016,4983.041388888816
15.500000000000018,5015.398800504978
15.600000000000016,5047.756212121138
15.700000000000017,5080.113623737299
15.800000000000018,5112.471035353461
15.900000000000016,5144.828446969621
16.000000000000018,5177.185858585783
16.100000000000016,5209.543270201943
16.200000000000017,5241.900681818105
16.30000000000002,5274.258093434267
16.400000000000016,5306.615505050427
16.500000000000018,5338.972916666588
16.60000000000002,5371.33032828275
16.700000000000017,5403.687739898911
16.80000000000002,5436.045151515072
16.90000000000002,5468.402563131233
17.000000000000018,5500.759974747394
17.10000000000002,5533.117386363556
17.200000000000017,5565.474797979716
17.30000000000002,5597.832209595877
17.40000000000002,5630.189621212039
17.500000000000018,5662.5470328282
17.60000000000002,5694.904444444361
17.700000000000017,5727.2618560605215
17.80000000000002,5759.619267676683
17.90000000000002,5791.976679292845
18.000000000000018,5824.334090909005
18.10000000000002,5856.6915025251665
18.20000000000002,5889.048914141328
18.30000000000002,5921.406325757489
18.40000000000002,5953.76373737365
18.50000000000002,5986.121148989811
18.60000000000002,6018.478560605972
18.70000000000002,6050.835972222134
18.80000000000002,6083.193383838294
18.90000000000002,6115.5507954544555
19.00000000000002,6147.908207070617
19.10000000000002,6180.265618686778
19.20000000000002,6212.62303030294
19.30000000000002,6244.9804419191
19.40000000000002,6277.337853535261
19.50000000000002,6309.695265151423
19.60000000000002,6342.052676767583
19.70000000000002,6374.410088383745
19.800000000000022,6406.767499999906
19.90000000000002,6439.124911616067
20.00000000000002,6471.482323232229
20.100000000000023,6503.8397348483895
20.20000000000002,6536.19714646455
20.300000000000022,6568.554558080712
20.40000000000002,6600.911969696872
20.50000000000002,6633.269381313034
20.600000000000023,6665.626792929195
20.70000000000002,6697.984204545356
20.800000000000022,6730.341616161518
20.90000000000002,6762.699027777678
21.00000000000002,6795.056439393839
21.100000000000023,6827.413851010001
21.20000000000002,6859.771262626162
21.300000000000022,6892.128674242323
21.400000000000023,6924.486085858484
21.50000000000002,6956.843497474645
21.600000000000023,6989.200909090807
21.700000000000024,7021.5583207069685
21.800000000000022,7053.915732323128
21.900000000000023,7086.27314393929
22.00000000000002,7118.630555555451
22.100000000000023,7150.987967171612
22.200000000000024,7183.345378787773
22.300000000000022,7215.702790403934
22.400000000000023,7248.060202020096
22.50000000000002,7280.417613636256
22.600000000000023,7312.775025252417
22.700000000000024,7345.132436868579
22.800000000000022,7377.48984848474
22.900000000000023,7409.847260100901
23.000000000000025,7442.204671717062
23.100000000000023,7474.562083333223
23.200000000000024,7506.919494949385
23.300000000000026,7539.276906565547
23.400000000000023,7571.6343181817065
23.500000000000025,7603.991729797868
23.600000000000023,7636.349141414029
23.700000000000024,7668.706553030191
23.800000000000026,7701.063964646351
23.900000000000023,7733.421376262512
24.000000000000025,7765.778787878674
24.100000000000023,7798.136199494834
24.200000000000024,7830.4936111109955
24.300000000000026,7862.851022727157
24.400000000000023,7895.208434343318
24.500000000000025,7927.56584595948
24.600000000000026,7959.9232575756405
24.700000000000024,7992.280669191801
24.800000000000026,8024.638080807963
24.900000000000027,8056.995492424125
25.000000000000025,8089.352904040285
25.100000000000026,8121.710315656446
25.200000000000024,8154.067727272607
25.300000000000026,8186.425138888769
25.400000000000027,8218.78255050493
25.500000000000025,8251.139962121091
25.600000000000026,8283.497373737251
25.700000000000024,8315.854785353413
25.800000000000026,8348.212196969575
25.900000000000027,8380.569608585736
26.000000000000025,8412.927020201896
26.100000000000026,8445.284431818058
26.200000000000028,8477.64184343422
26.300000000000026,8509.99925505038
26.400000000000027,8542.356666666541
26.50000000000003,8574.714078282703
26.600000000000026,8607.071489898863
26.700000000000028,8639.428901515024
26.800000000000026,8671.786313131184
26.900000000000027,8704.143724747346
27.00000000000003,8736.501136363508
27.100000000000026,8768.85854797967
27.200000000000028,8801.215959595831
27.300000000000026,8833.57337121199
27.400000000000027,8865.930782828153
27.50000000000003,8898.288194444314
27.600000000000026,8930.645606060474
27.700000000000028,8963.003017676636
27.80000000000003,8995.360429292798
27.900000000000027,9027.717840908957
28.00000000000003,9060.07525252512
28.10000000000003,9092.43266414128
28.200000000000028,9124.79007575744
28.30000000000003,9157.147487373602
28.400000000000027,9189.504898989764
28.50000000000003,9221.862310605924
28.60000000000003,9254.219722222086
28.70000000000003,9286.577133838247
28.800000000000026,9318.934545454407
28.900000000000027,9351.291957070569
29.00000000000003,9383.64936868673
29.10000000000003,9416.006780302892
29.20000000000003,9448.364191919054
29.300000000000026,9480.721603535212
29.400000000000027,9513.079015151374
29.50000000000003,9545.436426767536
29.60000000000003,9577.793838383697
29.70000000000003,9610.151249999859
29.800000000000033,9642.50866161602
29.900000000000027,9674.86607323218
30.00000000000003,9707.223484848342
30.10000000000003,9739.580896464502
30.20000000000003,9771.938308080664
30.300000000000033,9804.295719696825
30.400000000000027,9836.653131312985
30.50000000000003,9869.010542929147
30.60000000000003,9901.367954545309
30.70000000000003,9933.72536616147
30.800000000000033,9966.082777777632
30.900000000000034,9998.440189393794
31.00000000000003,10030.797601009952
31.10000000000003,10063.155012626114
31.20000000000003,10095.512424242275
31.300000000000033,10127.869835858437
31.400000000000034,10160.227247474599
31.50000000000003,10192.584659090759
31.60000000000003,10224.94207070692
31.70000000000003,10257.299482323082
31.800000000000033,10289.656893939242
31.900000000000034,10322.014305555404
32.00000000000003,10354.371717171563
32.10000000000003,10386.729128787725
32.20000000000003,10419.086540403887
32.30000000000003,10451.443952020049
32.400000000000034,10483.80136363621
32.50000000000003,10516.158775252368
32.60000000000003,10548.51618686853
32.70000000000003,10580.873598484692
32.80000000000003,10613.231010100853
32.900000000000034,10645.588421717015
33.000000000000036,10677.945833333177
33.10000000000003,10710.303244949337
33.20000000000003,10742.660656565498
33.30000000000003,10775.01806818166
33.400000000000034,10807.375479797822
33.500000000000036,10839.732891413982
33.60000000000003,10872.090303030142
33.70000000000003,10904.447714646303
33.80000000000003,10936.805126262465
33.900000000000034,10969.162537878627
34.000000000000036,11001.519949494788
34.10000000000004,11033.87736111095
34.20000000000003,11066.234772727108
34.30000000000003,11098.59218434327
34.400000000000034,11130.949595959431
34.500000000000036,11163.307007575593
34.60000000000004,11195.664419191755
34.70000000000003,11228.021830807915
34.80000000000003,11260.379242424076
34.900000000000034,11292.736654040238
35.000000000000036,11325.0940656564
35.10000000000004,11357.45147727256
35.20000000000003,11389.80888888872
35.30000000000003,11422.166300504881
35.400000000000034,11454.523712121043
35.500000000000036,11486.881123737205
35.60000000000004,11519.238535353366
35.70000000000003,11551.595946969526
35.80000000000003,11583.953358585686
35.900000000000034,11616.310770201848
36.000000000000036,11648.66818181801
36.10000000000004,11681.025593434171
36.20000000000004,11713.383005050333
36.30000000000003,11745.740416666493
36.400000000000034,11778.097828282655
36.500000000000036,11810.455239898816
36.60000000000004,11842.812651514978
36.70000000000004,11875.17006313114
36.80000000000003,11907.527474747298
36.900000000000034,11939.88488636346
37.000000000000036,11972.242297979621
37.10000000000004,12004.599709595783
37.20000000000004,12036.957121211944
37.30000000000004,12069.314532828106
37.400000000000034,12101.671944444266
37.500000000000036,12134.029356060426
37.60000000000004,12166.386767676588
37.70000000000004,12198.74417929275
37.80000000000004,12231.101590908911
37.900000000000034,12263.45900252507
38.000000000000036,12295.816414141233
38.10000000000004,12328.173825757394
38.20000000000004,12360.531237373556
38.30000000000004,12392.888648989718
38.400000000000034,12425.246060605876
38.500000000000036,12457.603472222037
38.60000000000004,12489.9608838382
38.70000000000004,12522.31829545436
38.80000000000004,12554.675707070523
38.900000000000034,12587.033118686682
39.000000000000036,12619.390530302844
39.10000000000004,12651.747941919004
39.20000000000004,12684.105353535166
39.30000000000004,12716.462765151327
39.40000000000004,12748.82017676749
39.500000000000036,12781.177588383649
39.60000000000004,12813.53499999981
39.70000000000004,12845.892411615972
39.80000000000004,12878.249823232134
39.90000000000004,12910.607234848296
40.000000000000036,12942.964646464454
40.10000000000004,12975.322058080616
40.20000000000004,13007.679469696777
40.30000000000004,13040.036881312939
40.40000000000004,13072.3942929291
40.50000000000004,13104.751704545262
40.60000000000004,13137.109116161422
40.70000000000004,13169.466527777584
40.80000000000004,13201.823939393744
40.90000000000004,13234.181351009905
41.00000000000004,13266.538762626067
41.10000000000004,13298.896174242227
41.20000000000004,13331.253585858389
41.30000000000004,13363.61099747455
41.40000000000004,13395.968409090712
41.50000000000004,13428.325820706874
41.60000000000004,13460.683232323032
41.70000000000004,13493.040643939194
41.80000000000004,13525.398055555355
41.90000000000004,13557.755467171517
42.00000000000004,13590.112878787679
42.10000000000004,13622.470290403839
42.20000000000004,13654.82770202
42.30000000000004,13687.185113636162
42.40000000000004,13719.542525252324
42.50000000000004,13751.899936868484
42.600000000000044,13784.257348484645
42.70000000000004,13816.614760100805
42.80000000000004,13848.972171716967
42.90000000000004,13881.329583333129
43.00000000000004,13913.68699494929
43.100000000000044,13946.044406565452
43.20000000000004,13978.40181818161
43.30000000000004,14010.759229797772
43.40000000000004,14043.116641413933
43.50000000000004,14075.474053030095
43.600000000000044,14107.831464646257
43.700000000000045,14140.188876262418
43.80000000000004,14172.546287878578
43.90000000000004,14204.90369949474
44.00000000000004,14237.261111110902
44.100000000000044,14269.618522727063
44.200000000000045,14301.975934343223
44.30000000000004,14334.333345959383
44.40000000000004,14366.690757575545
44.50000000000004,14399.048169191707
44.600000000000044,14431.405580807868
44.700000000000045,14463.76299242403
44.80000000000004,14496.120404040188
44.90000000000004,14528.47781565635
45.00000000000004,14560.835227272511
45.100000000000044,14593.192638888673
45.200000000000045,14625.550050504835
45.30000000000004,14657.907462120995
45.40000000000004,14690.264873737156
45.50000000000004,14722.622285353318
45.600000000000044,14754.97969696948
45.700000000000045,14787.337108585642
45.80000000000005,14819.694520201801
45.90000000000004,14852.051931817961
46.00000000000004,14884.409343434123
46.100000000000044,14916.766755050285
46.200000000000045,14949.124166666446
46.30000000000005,14981.481578282608
46.40000000000004,15013.838989898768
46.50000000000004,15046.196401514928
46.600000000000044,15078.55381313109
46.700000000000045,15110.911224747251
46.80000000000005,15143.268636363413
46.90000000000005,15175.626047979575
47.00000000000004,15207.983459595735
47.100000000000044,15240.340871211896
47.200000000000045,15272.698282828058
47.30000000000005,15305.05569444422
47.40000000000005,15337.413106060381
47.50000000000004,15369.77051767654
47.600000000000044,15402.127929292701
47.700000000000045,15434.485340908863
47.80000000000005,15466.842752525024
47.90000000000005,15499.200164141186
48.00000000000004,15531.557575757346
48.100000000000044,15563.914987373508
48.200000000000045,15596.272398989668
48.30000000000005,15628.62981060583
48.40000000000005,15660.987222221991
48.50000000000004,15693.344633838151
48.600000000000044,15725.702045454313
48.700000000000045,15758.059457070474
48.80000000000005,15790.416868686636
48.90000000000005,15822.774280302798
49.00000000000005,15855.13169191896
49.100000000000044,15887.489103535117
49.200000000000045,15919.84651515128
49.30000000000005,15952.20392676744
49.40000000000005,15984.561338383603
49.50000000000005,16016.918749999764
49.600000000000044,16049.276161615924
49.700000000000045,16081.633573232086
49.80000000000005,16113.990984848246
49.90000000000005,16146.348396464407
50.00000000000005,16178.70580808057
50.10000000000005,16211.06321969673
50.200000000000045,16243.42063131289
50.30000000000005,16275.778042929052
50.40000000000005,16308.135454545214
50.50000000000005,16340.492866161376
50.60000000000005,16372.850277777537
50.700000000000045,16405.207689393697
50.80000000000005,16437.56510100986
50.90000000000005,16469.92251262602
51.00000000000005,16502.279924242182
51.10000000000005,16534.637335858344
51.200000000000045,16566.994747474502
51.30000000000005,16599.352159090664
51.40000000000005,16631.709570706826
51.50000000000005,16664.066982322987
51.60000000000005,16696.42439393915
51.700000000000045,16728.781805555307
51.80000000000005,16761.13921717147
51.90000000000005,16793.49662878763
52.00000000000005,16825.854040403792
52.10000000000005,16858.211452019954
52.20000000000005,16890.568863636116
52.30000000000005,16922.926275252274
52.40000000000005,16955.283686868435
52.50000000000005,16987.641098484597
52.60000000000005,17019.99851010076
52.70000000000005,17052.35592171692
52.80000000000005,17084.71333333308
52.90000000000005,17117.07074494924
53.00000000000005,17149.428156565402
53.10000000000005,17181.785568181564
53.20000000000005,17214.142979797725
53.300000000000054,17246.500391413887
53.40000000000005,17278.85780303005
53.50000000000005,17311.215214646207
53.60000000000005,17343.57262626237
53.70000000000005,17375.93003787853
53.800000000000054,17408.287449494692
53.90000000000005,17440.644861110854
54.00000000000005,17473.002272727015
54.10000000000005,17505.359684343177
54.20000000000005,17537.71709595934
54.300000000000054,17570.0745075755
54.40000000000005,17602.43191919166
54.50000000000005,17634.78933080782
54.60000000000005,17667.14674242398
54.70000000000005,17699.504154040143
54.800000000000054,17731.861565656305
54.90000000000005,17764.218977272463
55.00000000000005,17796.576388888625
55.10000000000005,17828.933800504787
55.20000000000005,17861.29121212095
55.300000000000054,17893.64862373711
55.400000000000055,17926.00603535327
55.50000000000005,17958.36344696943
55.60000000000005,17990.72085858559
55.70000000000005,18023.078270201753
55.800000000000054,18055.435681817915
55.900000000000055,18087.793093434077
56.00000000000005,18120.150505050235
56.10000000000005,18152.507916666396
56.20000000000005,18184.865328282558
56.300000000000054,18217.22273989872
56.400000000000055,18249.58015151488
56.50000000000006,18281.937563131043
56.60000000000005,18314.294974747205
56.70000000000005,18346.652386363367
56.800000000000054,18379.00979797953
56.900000000000055,18411.367209595686
57.00000000000006,18443.724621211848
57.10000000000005,18476.08203282801
57.20000000000005,18508.43944444417
57.300000000000054,18540.796856060333
57.400000000000055,18573.154267676495
57.50000000000006,18605.511679292656
57.60000000000005,18637.869090908815
57.70000000000005,18670.226502524976
57.800000000000054,18702.583914141138
57.900000000000055,18734.9413257573
58.00000000000006,18767.29873737346
58.10000000000005,18799.65614898962
58.20000000000005,18832.01356060578
58.300000000000054,18864.370972221943
58.400000000000055,18896.728383838104
58.50000000000006,18929.085795454266
58.60000000000006,18961.443207070428
58.70000000000005,18993.800618686586
58.800000000000054,19026.158030302748
58.900000000000055,19058.51544191891
59.00000000000006,19090.87285353507
59.10000000000006,19123.230265151233
59.20000000000005,19155.58767676739
59.300000000000054,19187.945088383553
59.400000000000055,19220.302499999714
59.50000000000006,19252.659911615876
59.60000000000006,19285.017323232038
59.70000000000006,19317.3747348482
59.800000000000054,19349.73214646436
59.900000000000055,19382.089558080523
60.00000000000006,19414.446969696684
60.10000000000006,19446.804381312846
60.20000000000006,19479.161792929004
60.300000000000054,19511.519204545166
60.400000000000055,19543.876616161328
60.50000000000006,19576.23402777749
60.60000000000005,19608.591439393647
60.70000000000006,19640.948851009813
60.800000000000054,19673.30626262597
60.90000000000006,19705.663674242136
61.00000000000006,19738.021085858294
61.10000000000005,19770.378497474452
61.20000000000006,19802.735909090617
61.300000000000054,19835.093320706776
61.40000000000006,19867.45073232294
61.50000000000006,19899.8081439391
61.60000000000005,19932.165555555257
61.70000000000006,19964.522967171422
61.800000000000054,19996.88037878758
61.90000000000006,20029.237790403746
62.00000000000006,20061.595202019904
62.10000000000005,20093.952613636066
62.20000000000006,20126.310025252227
62.300000000000054,20158.66743686839
62.40000000000006,20191.02484848455
62.50000000000006,20223.38226010071
62.600000000000065,20255.739671716874
62.70000000000006,20288.097083333032
62.800000000000054,20320.454494949194
62.90000000000006,20352.811906565355
63.00000000000006,20385.169318181517
63.100000000000065,20417.52672979768
63.20000000000006,20449.88414141384
63.300000000000054,20482.24155303
63.40000000000006,20514.598964646164
63.50000000000006,20546.956376262322
63.600000000000065,20579.313787878484
63.70000000000006,20611.671199494645
63.800000000000054,20644.028611110803
63.90000000000006,20676.38602272697
64.00000000000006,20708.743434343127
64.10000000000007,20741.100845959292
64.20000000000006,20773.45825757545
64.30000000000005,20805.81566919161
64.40000000000006,20838.173080807774
64.50000000000006,20870.53049242393
64.60000000000007,20902.887904040097
64.70000000000006,20935.245315656255
64.80000000000005,20967.602727272417
64.90000000000006,20999.96013888858
65.00000000000006,21032.317550504737
65.10000000000007,21064.674962120902
65.20000000000006,21097.03237373706
65.30000000000007,21129.389785353225
65.40000000000006,21161.747196969383
65.50000000000006,21194.104608585545
65.60000000000007,21226.462020201707
65.70000000000006,21258.81943181787
65.80000000000007,21291.17684343403
65.90000000000006,21323.53425505019
66.00000000000006,21355.89166666635
66.10000000000007,21388.24907828251
66.20000000000006,21420.606489898673
66.30000000000007,21452.963901514835
66.40000000000006,21485.321313130997
66.50000000000006,21517.678724747155
66.60000000000007,21550.03613636332
66.70000000000006,21582.393547979478
66.80000000000007,21614.750959595644
66.90000000000006,21647.1083712118
67.00000000000006,21679.46578282796
67.10000000000007,21711.823194444125
67.20000000000006,21744.180606060283
67.30000000000007,21776.53801767645
67.40000000000006,21808.895429292606
67.50000000000006,21841.252840908764
67.60000000000007,21873.61025252493
67.70000000000006,21905.967664141088
67.80000000000007,21938.325075757253
67.90000000000006,21970.68248737341
68.00000000000006,22003.039898989573
68.10000000000007,22035.397310605735
68.20000000000006,22067.754722221893
68.30000000000007,22100.112133838058
68.40000000000006,22132.469545454216
68.50000000000006,22164.826957070378
68.60000000000007,22197.18436868654
68.70000000000006,22229.5417803027
68.80000000000007,22261.899191918863
68.90000000000006,22294.256603535025
69.00000000000007,22326.614015151186
69.10000000000007,22358.971426767348
69.20000000000006,22391.328838383506
69.30000000000007,22423.686249999668
69.40000000000006,22456.04366161583
69.50000000000007,22488.40107323199
69.60000000000007,22520.758484848153
69.70000000000006,22553.11589646431
69.80000000000007,22585.473308080476
69.90000000000006,22617.830719696634
70.00000000000007,22650.1881313128
70.10000000000007,22682.545542928958
70.20000000000006,22714.902954545116
70.30000000000007,22747.26036616128
70.40000000000006,22779.61777777744
70.50000000000007,22811.975189393605
70.60000000000007,22844.332601009763
70.70000000000006,22876.69001262592
70.80000000000007,22909.047424242086
70.90000000000006,22941.404835858244
71.00000000000007,22973.76224747441
71.10000000000007,23006.119659090567
71.20000000000006,23038.47707070673
71.30000000000007,23070.83448232289
71.40000000000006,23103.191893939053
71.50000000000007,23135.549305555214
71.60000000000007,23167.906717171372
71.70000000000007,23200.264128787538
71.80000000000007,23232.621540403696
71.90000000000006,23264.978952019857
72.00000000000007,23297.33636363602
72.10000000000007,23329.69377525218
72.20000000000007,23362.051186868342
72.30000000000007,23394.408598484504
72.40000000000006,23426.766010100662
72.50000000000007,23459.123421716828
72.60000000000007,23491.480833332986
72.70000000000007,23523.838244949147
72.80000000000007,23556.19565656531
72.90000000000006,23588.553068181467
73.00000000000007,23620.910479797632
73.10000000000007,23653.26789141379
73.20000000000007,23685.625303029956
73.30000000000007,23717.982714646114
73.40000000000006,23750.340126262272
73.50000000000007,23782.697537878437
73.60000000000007,23815.054949494595
73.70000000000007,23847.41236111076
73.80000000000007,23879.76977272692
73.90000000000006,23912.127184343077
74.00000000000007,23944.484595959242
74.10000000000007,23976.8420075754
74.20000000000007,24009.199419191566
74.30000000000007,24041.556830807724
74.40000000000006,24073.914242423885
74.50000000000007,24106.271654040047
74.60000000000007,24138.62906565621
74.70000000000007,24170.98647727237
74.80000000000007,24203.343888888532
74.90000000000006,24235.70130050469
75.00000000000007,24268.058712120852
75.10000000000007,24300.416123737014
75.20000000000007,24332.773535353175
75.30000000000007,24365.130946969337
75.40000000000008,24397.4883585855
75.50000000000007,24429.84577020166
75.60000000000007,24462.20318181782
75.70000000000007,24494.560593433984
75.80000000000007,24526.91800505014
75.90000000000008,24559.275416666303
76.00000000000007,24591.632828282465
76.10000000000007,24623.990239898623
76.20000000000007,24656.34765151479
76.30000000000007,24688.705063130947
76.40000000000008,24721.062474747112
76.50000000000007,24753.41988636327
76.60000000000007,24785.777297979428
76.70000000000007,24818.134709595593
76.80000000000007,24850.49212121175
76.90000000000008,24882.849532827917
77.00000000000007,24915.206944444075
77.10000000000007,24947.564356060237
77.20000000000007,24979.9217676764
77.30000000000007,25012.279179292556
77.40000000000008,25044.63659090872
77.50000000000007,25076.99400252488
77.60000000000007,25109.35141414104
77.70000000000007,25141.708825757203
77.80000000000007,25174.066237373365
77.90000000000008,25206.423648989527
78.00000000000007,25238.78106060569
78.10000000000008,25271.13847222185
78.20000000000007,25303.495883838008
78.30000000000007,25335.85329545417
78.40000000000008,25368.21070707033
78.50000000000007,25400.568118686493
78.60000000000008,25432.925530302655
78.70000000000007,25465.282941918817
78.80000000000007,25497.640353534975
78.90000000000008,25529.99776515114
79.00000000000007,25562.355176767298
79.10000000000008,25594.712588383463
79.20000000000007,25627.06999999962
79.30000000000007,25659.42741161578
79.40000000000008,25691.784823231945
79.50000000000007,25724.142234848103
79.60000000000008,25756.499646464268
79.70000000000007,25788.857058080426
79.80000000000007,25821.214469696584
79.90000000000008,25853.57188131275
80.00000000000007,25885.929292928908
80.10000000000008,25918.286704545073
80.20000000000007,25950.64411616123
80.30000000000007,25983.001527777393
80.40000000000008,26015.358939393554
80.50000000000007,26047.716351009716
80.60000000000008,26080.073762625878
80.70000000000007,26112.431174242036
80.80000000000007,26144.788585858198
80.90000000000008,26177.14599747436
81.00000000000007,26209.50340909052
81.10000000000008,26241.860820706683
81.20000000000007,26274.218232322844
81.30000000000007,26306.575643939002
81.40000000000008,26338.933055555168
81.50000000000007,26371.290467171326
81.60000000000008,26403.647878787488
81.70000000000007,26436.00529040365
81.80000000000008,26468.36270201981
81.90000000000008,26500.720113635973
82.00000000000007,26533.07752525213
82.10000000000008,26565.434936868296
82.20000000000007,26597.792348484454
82.30000000000008,26630.14976010062
82.40000000000008,26662.507171716778
82.50000000000007,26694.864583332936
82.60000000000008,26727.2219949491
82.70000000000007,26759.57940656526
82.80000000000008,26791.936818181424
82.90000000000008,26824.294229797582
83.00000000000007,26856.65164141374
83.10000000000008,26889.009053029906
83.20000000000007,26921.366464646064
83.30000000000008,26953.72387626223
83.40000000000008,26986.081287878387
83.50000000000007,27018.43869949455
83.60000000000008,27050.79611111071
83.70000000000007,27083.153522726872
83.80000000000008,27115.510934343034
83.90000000000008,27147.868345959192
84.00000000000007,27180.225757575354
84.10000000000008,27212.583169191515
84.20000000000007,27244.940580807677
84.30000000000008,27277.29799242384
84.40000000000008,27309.65540404
84.50000000000009,27342.012815656162
84.60000000000008,27374.370227272324
84.70000000000007,27406.727638888482
84.80000000000008,27439.085050504647
84.90000000000008,27471.442462120805
85.00000000000009,27503.799873736967
85.10000000000008,27536.15728535313
85.20000000000007,27568.514696969287
85.30000000000008,27600.872108585452
85.40000000000008,27633.22952020161
85.50000000000009,27665.586931817776
85.60000000000008,27697.944343433934
85.70000000000007,27730.30175505009
85.80000000000008,27762.659166666257
85.90000000000008,27795.016578282415
86.00000000000009,27827.37398989858
86.10000000000008,27859.73140151474
86.20000000000007,27892.088813130897
86.30000000000008,27924.446224747062
86.40000000000008,27956.80363636322
86.50000000000009,27989.161047979385
86.60000000000008,28021.518459595543
86.70000000000007,28053.875871211705
86.80000000000008,28086.233282827867
86.90000000000008,28118.59069444403
87.00000000000009,28150.94810606019
87.10000000000008,28183.305517676352
87.20000000000007,28215.66292929251
87.30000000000008,28248.02034090867
87.40000000000008,28280.377752524833
87.50000000000009,28312.735164140995
87.60000000000008,28345.092575757157
87.70000000000007,28377.449987373315
87.80000000000008,28409.80739898948
87.90000000000008,28442.16481060564
88.00000000000009,28474.522222221804
88.10000000000008,28506.87963383796
88.20000000000009,28539.237045454127
88.30000000000008,28571.594457070285
88.40000000000008,28603.951868686443
88.50000000000009,28636.30928030261
88.60000000000008,28668.666691918766
88.70000000000009,28701.02410353493
88.80000000000008,28733.38151515109
88.90000000000008,28765.738926767248
89.00000000000009,28798.096338383413
89.10000000000008,28830.45374999957
89.20000000000009,28862.811161615737
89.30000000000008,28895.168573231895
89.40000000000008,28927.525984848056
89.50000000000009,28959.883396464218
89.60000000000008,28992.240808080376
89.70000000000009,29024.59821969654
89.80000000000008,29056.9556313127
89.90000000000008,29089.31304292886
90.00000000000009,29121.670454545023
90.10000000000008,29154.027866161185
90.20000000000009,29186.385277777346
90.30000000000008,29218.742689393508
90.40000000000008,29251.100101009666
90.50000000000009,29283.45751262583
90.60000000000008,29315.81492424199
90.70000000000009,29348.17233585815
90.80000000000008,29380.529747474313
90.90000000000009,29412.887159090475
91.00000000000009,29445.244570706636
91.10000000000008,29477.601982322794
91.20000000000009,29509.95939393896
91.30000000000008,29542.316805555118
91.40000000000009,29574.674217171283
91.50000000000009,29607.03162878744
91.60000000000008,29639.3890404036
91.70000000000009,29671.746452019765
91.80000000000008,29704.103863635923
91.90000000000009,29736.461275252088
92.00000000000009,29768.818686868246
92.10000000000008,29801.176098484404
92.20000000000009,29833.53351010057
92.30000000000008,29865.890921716727
92.40000000000009,29898.248333332893
92.50000000000009,29930.60574494905
92.60000000000008,29962.963156565213
92.70000000000009,29995.320568181374
92.80000000000008,30027.677979797536
92.90000000000009,30060.035391413698
93.00000000000009,30092.392803029856
93.10000000000008,30124.750214646017
93.20000000000009,30157.10762626218
93.30000000000008,30189.46503787834
93.40000000000009,30221.822449494503
93.50000000000009,30254.179861110664
93.60000000000008,30286.537272726822
93.70000000000009,30318.894684342988
93.80000000000008,30351.252095959146
93.90000000000009,30383.60950757531
94.00000000000009,30415.96691919147
94.10000000000008,30448.324330807627
94.20000000000009,30480.681742423792
94.30000000000008,30513.03915403995
94.40000000000009,30545.396565656116
94.50000000000009,30577.753977272274
94.6000000000001,30610.11138888844
94.70000000000009,30642.468800504597
94.80000000000008,30674.826212120755
94.90000000000009,30707.18362373692
95.00000000000009,30739.54103535308
95.1000000000001,30771.898446969244
95.20000000000009,30804.255858585402
95.30000000000008,30836.61327020156
95.40000000000009,30868.970681817726
95.50000000000009,30901.328093433884
95.6000000000001,30933.68550505005
95.70000000000009,30966.042916666207
95.80000000000008,30998.40032828237
95.90000000000009,31030.75773989853
96.00000000000009,31063.115151514692
96.1000000000001,31095.472563130854
96.20000000000009,31127.829974747016
96.30000000000008,31160.187386363174
96.40000000000009,31192.544797979335
96.50000000000009,31224.902209595497
96.6000000000001,31257.25962121166
96.70000000000009,31289.61703282782
96.80000000000008,31321.97444444398
96.90000000000009,31354.331856060144
97.00000000000009,31386.689267676302
97.1000000000001,31419.046679292467
97.20000000000009,31451.404090908625
97.3000000000001,31483.761502524787
97.40000000000009,31516.11891414095
97.50000000000009,31548.476325757107
97.6000000000001,31580.833737373272
97.70000000000009,31613.19114898943
97.8000000000001,31645.548560605595
97.90000000000009,31677.905972221753
98.00000000000009,31710.26338383791
98.1000000000001,31742.620795454077
98.20000000000009,31774.978207070235
98.3000000000001,31807.3356186864
98.40000000000009,31839.69303030256
98.50000000000009,31872.05044191872
98.6000000000001,31904.40785353488
98.70000000000009,31936.76526515104
98.8000000000001,31969.122676767205
98.90000000000009,32001.480088383363
99.00000000000009,32033.837499999525
99.1000000000001,32066.194911615687
99.20000000000009,32098.55232323185
99.3000000000001,32130.90973484801
99.40000000000009,32163.26714646417
99.50000000000009,32195.62455808033
99.6000000000001,32227.98196969649
99.70000000000009,32260.339381312653
99.8000000000001,32292.696792928815
99.90000000000009,32325.054204544977
100.00000000000009,32357.411616161135
100.1000000000001,32389.7690277773
100.20000000000009,32422.126439393458
100.3000000000001,32454.483851009623
100.40000000000009,32486.84126262578
100.50000000000009,32519.19867424194
100.6000000000001,32551.556085858105
100.70000000000009,32583.913497474263
100.8000000000001,32616.270909090428
100.90000000000009,32648.628320706586
101.0000000000001,32680.98573232275
101.1000000000001,32713.34314393891
101.20000000000009,32745.700555555068
101.3000000000001,32778.05796717123
101.40000000000009,32810.415378787395
101.5000000000001,32842.77279040356
101.6000000000001,32875.13020201972
101.70000000000009,32907.48761363587
101.8000000000001,32939.84502525204
101.90000000000009,32972.202436868196
102.0000000000001,33004.559848484365
102.1000000000001,33036.91726010052
102.20000000000009,33069.27467171668
102.3000000000001,33101.63208333284
102.40000000000009,33133.989494949004
102.5000000000001,33166.346906565166
102.6000000000001,33198.70431818133
102.70000000000009,33231.06172979748
102.8000000000001,33263.41914141365
102.90000000000009,33295.776553029806
103.0000000000001,33328.133964645975
103.1000000000001,33360.49137626213
103.20000000000009,33392.84878787829
103.3000000000001,33425.20619949445
103.40000000000009,33457.563611110614
103.5000000000001,33489.921022726776
103.6000000000001,33522.27843434294
103.7000000000001,33554.6358459591
103.8000000000001,33586.99325757526
103.90000000000009,33619.35066919142
104.0000000000001,33651.708080807584
104.1000000000001,33684.065492423746
104.2000000000001,33716.42290403991
104.3000000000001,33748.78031565607
104.40000000000009,33781.137727272224
104.5000000000001,33813.49513888839
104.6000000000001,33845.85255050455
104.7000000000001,33878.20996212071
104.8000000000001,33910.56737373687
104.90000000000009,33942.92478535303
105.0000000000001,33975.282196969194
105.1000000000001,34007.639608585356
105.2000000000001,34039.99702020152
105.3000000000001,34072.35443181768
105.40000000000009,34104.71184343383
105.5000000000001,34137.06925505
105.6000000000001,34169.42666666616
105.7000000000001,34201.784078282326
105.8000000000001,34234.14148989848
105.90000000000009,34266.49890151464
106.0000000000001,34298.856313130804
106.1000000000001,34331.213724746965
106.2000000000001,34363.57113636313
106.3000000000001,34395.92854797929
106.40000000000009,34428.28595959545
106.5000000000001,34460.64337121161
106.6000000000001,34493.000782827774
106.7000000000001,34525.358194443936
106.8000000000001,34557.7156060601
106.90000000000009,34590.07301767625
107.0000000000001,34622.43042929241
107.1000000000001,34654.787840908575
107.2000000000001,34687.14525252474
107.3000000000001,34719.5026641409
107.4000000000001,34751.86007575706
107.5000000000001,34784.21748737322
107.6000000000001,34816.574898989384
107.7000000000001,34848.932310605545
107.8000000000001,34881.28972222171
107.9000000000001,34913.64713383787
108.0000000000001,34946.00454545403
108.1000000000001,34978.361957070185
108.2000000000001,35010.719368686354
108.3000000000001,35043.07678030251
108.4000000000001,35075.43419191868
108.5000000000001,35107.79160353483
108.6000000000001,35140.14901515099
108.7000000000001,35172.506426767155
108.8000000000001,35204.86383838332
108.9000000000001,35237.22124999948
109.0000000000001,35269.57866161564
109.1000000000001,35301.9360732318
109.2000000000001,35334.29348484796
109.3000000000001,35366.65089646412
109.4000000000001,35399.00830808029
109.5000000000001,35431.36571969644
109.6000000000001,35463.7231313126
109.7000000000001,35496.080542928765
109.8000000000001,35528.43795454493
109.9000000000001,35560.79536616109
110.0000000000001,35593.15277777725
110.10000000000011,35625.51018939341
110.2000000000001,35657.86760100957
110.3000000000001,35690.225012625735
110.4000000000001,35722.5824242419
110.5000000000001,35754.93983585806
110.60000000000011,35787.29724747422
110.7000000000001,35819.65465909038
110.8000000000001,35852.012070706536
110.9000000000001,35884.369482322705
111.0000000000001,35916.72689393886
111.10000000000011,35949.08430555503
111.2000000000001,35981.44171717118
111.3000000000001,36013.799128787345
111.4000000000001,36046.15654040351
111.5000000000001,36078.51395201967
111.60000000000011,36110.87136363583
111.7000000000001,36143.22877525199
111.8000000000001,36175.586186868146
111.9000000000001,36207.943598484315
112.0000000000001,36240.30101010047
112.10000000000011,36272.65842171664
112.2000000000001,36305.01583333279
112.3000000000001,36337.373244948954
112.4000000000001,36369.730656565116
112.5000000000001,36402.08806818128
112.60000000000011,36434.44547979744
112.7000000000001,36466.8028914136
112.8000000000001,36499.16030302976
112.9000000000001,36531.517714645925
113.0000000000001,36563.875126262086
113.10000000000011,36596.23253787825
113.2000000000001,36628.58994949441
113.3000000000001,36660.947361110564
113.4000000000001,36693.30477272673
113.5000000000001,36725.66218434289
113.60000000000011,36758.01959595906
113.7000000000001,36790.37700757521
113.80000000000011,36822.73441919137
113.9000000000001,36855.091830807534
114.0000000000001,36887.449242423696
114.10000000000011,36919.80665403986
114.2000000000001,36952.16406565602
114.30000000000011,36984.52147727218
114.4000000000001,37016.87888888834
114.5000000000001,37049.2363005045
114.60000000000011,37081.593712120666
114.7000000000001,37113.95112373682
114.80000000000011,37146.30853535299
114.9000000000001,37178.665946969144
115.0000000000001,37211.023358585306
115.10000000000011,37243.38077020147
115.2000000000001,37275.73818181763
115.30000000000011,37308.09559343379
115.4000000000001,37340.45300504995
115.5000000000001,37372.810416666114
115.60000000000011,37405.167828282276
115.7000000000001,37437.52523989844
115.80000000000011,37469.8826515146
115.9000000000001,37502.24006313076
116.0000000000001,37534.597474746915
116.10000000000011,37566.95488636308
116.2000000000001,37599.31229797924
116.30000000000011,37631.6697095954
116.4000000000001,37664.02712121156
116.50000000000011,37696.384532827724
116.60000000000011,37728.741944443886
116.7000000000001,37761.09935606005
116.80000000000011,37793.45676767621
116.9000000000001,37825.81417929237
117.00000000000011,37858.17159090853
117.10000000000011,37890.529002524694
117.2000000000001,37922.88641414085
117.30000000000011,37955.24382575702
117.4000000000001,37987.60123737317
117.50000000000011,38019.95864898934
117.60000000000011,38052.316060605495
117.7000000000001,38084.67347222166
117.80000000000011,38117.03088383782
117.9000000000001,38149.38829545398
118.00000000000011,38181.74570707014
118.10000000000011,38214.103118686304
118.2000000000001,38246.460530302465
118.30000000000011,38278.81794191863
118.4000000000001,38311.17535353478
118.50000000000011,38343.53276515095
118.60000000000011,38375.890176767105
118.7000000000001,38408.24758838327
118.80000000000011,38440.60499999943
118.9000000000001,38472.96241161559
119.00000000000011,38505.31982323175
119.10000000000011,38537.67723484791
119.2000000000001,38570.034646464075
119.30000000000011,38602.39205808024
119.4000000000001,38634.7494696964
119.50000000000011,38667.10688131256
119.60000000000011,38699.46429292872
119.7000000000001,38731.82170454488
119.80000000000011,38764.179116161045
119.9000000000001,38796.5365277772
120.00000000000011,38828.89393939337
120.10000000000011,38861.25135100952
120.20000000000012,38893.60876262569
120.30000000000011,38925.96617424185
120.4000000000001,38958.32358585801
120.50000000000011,38990.68099747417
120.60000000000011,39023.03840909033
120.70000000000012,39055.39582070649
120.80000000000011,39087.753232322655
120.9000000000001,39120.11064393881
121.00000000000011,39152.46805555498
121.10000000000011,39184.82546717113
121.20000000000012,39217.1828787873
121.30000000000011,39249.540290403456
121.4000000000001,39281.89770201962
121.50000000000011,39314.25511363578
121.60000000000011,39346.61252525194
121.70000000000012,39378.9699368681
121.80000000000011,39411.327348484265
121.9000000000001,39443.68476010043
122.00000000000011,39476.04217171659
122.10000000000011,39508.39958333275
122.20000000000012,39540.75699494891
122.30000000000011,39573.11440656507
122.4000000000001,39605.47181818123
122.50000000000011,39637.8292297974
122.60000000000011,39670.18664141355
122.70000000000012,39702.54405302971
122.80000000000011,39734.901464645875
122.90000000000012,39767.258876262036
123.00000000000011,39799.6162878782
123.10000000000011,39831.97369949436
123.20000000000012,39864.33111111052
123.30000000000011,39896.68852272668
123.40000000000012,39929.045934342845
123.50000000000011,39961.40334595901
123.60000000000011,39993.76075757516
123.70000000000012,40026.11816919133
123.80000000000011,40058.475580807484
123.90000000000012,40090.83299242365
124.00000000000011,40123.19040403981
124.10000000000011,40155.54781565597
124.20000000000012,40187.90522727213
124.30000000000011,40220.26263888829
124.40000000000012,40252.620050504454
124.50000000000011,40284.977462120616
124.60000000000011,40317.33487373678
124.7000000000001,40349.69228535293
124.80000000000013,40382.0496969691
124.90000000000012,40414.40710858526
125.00000000000011,40446.76452020142
125.10000000000011,40479.12193181758
125.2000000000001,40511.47934343374
125.30000000000013,40543.83675504991
125.40000000000012,40576.194166666064
125.50000000000011,40608.551578282226
125.60000000000011,40640.90898989839
125.7000000000001,40673.26640151454
125.80000000000013,40705.62381313071
125.90000000000012,40737.98122474687
126.00000000000011,40770.338636363034
126.10000000000011,40802.69604797919
126.2000000000001,40835.05345959535
126.30000000000013,40867.41087121152
126.40000000000012,40899.76828282768
126.50000000000011,40932.125694443836
126.60000000000011,40964.48310606
126.7000000000001,40996.84051767616
126.80000000000013,41029.19792929233
126.90000000000012,41061.55534090848
127.00000000000011,41093.912752524644
127.10000000000011,41126.270164140806
127.2000000000001,41158.62757575696
127.30000000000013,41190.98498737313
127.40000000000012,41223.34239898929
127.50000000000011,41255.699810605445
127.60000000000011,41288.05722222161
127.7000000000001,41320.41463383777
127.80000000000013,41352.77204545394
127.90000000000012,41385.12945707009
128.0000000000001,41417.486868686254
128.1000000000001,41449.844280302415
128.20000000000013,41482.201691918584
128.30000000000013,41514.55910353474
128.40000000000012,41546.9165151509
128.5000000000001,41579.27392676706
128.6000000000001,41611.63133838322
128.70000000000013,41643.988749999386
128.80000000000013,41676.34616161555
128.90000000000012,41708.70357323171
129.0000000000001,41741.06098484786
129.1000000000001,41773.418396464025
129.20000000000013,41805.775808080194
129.30000000000013,41838.133219696356
129.40000000000012,41870.49063131251
129.5000000000001,41902.84804292867
129.6000000000001,41935.20545454483
129.70000000000013,41967.562866160995
129.80000000000013,41999.92027777716
129.90000000000012,42032.27768939332
130.0000000000001,42064.63510100947
130.1000000000001,42096.992512625635
130.20000000000013,42129.349924241804
130.30000000000013,42161.707335857966
130.40000000000012,42194.06474747412
130.5000000000001,42226.42215909028
130.6000000000001,42258.77957070644
130.70000000000013,42291.13698232261
130.80000000000013,42323.49439393877
130.90000000000012,42355.85180555493
131.0000000000001,42388.20921717109
131.1000000000001,42420.566628787245
131.20000000000013,42452.92404040341
131.30000000000013,42485.281452019575
131.40000000000012,42517.63886363574
131.5000000000001,42549.99627525189
131.6000000000001,42582.35368686805
131.70000000000013,42614.71109848422
131.80000000000013,42647.06851010038
131.90000000000012,42679.42592171654
132.0000000000001,42711.7833333327
132.1000000000001,42744.140744948854
132.20000000000013,42776.49815656502
132.30000000000013,42808.855568181185
132.40000000000012,42841.21297979735
132.5000000000001,42873.5703914135
132.6000000000001,42905.92780302966
132.70000000000013,42938.28521464583
132.80000000000013,42970.64262626199
132.90000000000012,43003.00003787815
133.0000000000001,43035.35744949431
133.1000000000001,43067.71486111047
133.20000000000013,43100.07227272664
133.30000000000013,43132.429684342795
133.40000000000012,43164.787095958956
133.5000000000001,43197.14450757512
133.6000000000001,43229.50191919127
133.70000000000013,43261.85933080744
133.80000000000013,43294.2167424236
133.90000000000012,43326.574154039765
134.0000000000001,43358.93156565592
134.10000000000014,43391.28897727209
134.20000000000013,43423.64638888825
134.30000000000013,43456.003800504404
134.40000000000012,43488.361212120566
134.5000000000001,43520.71862373673
134.60000000000014,43553.0760353529
134.70000000000013,43585.43344696905
134.80000000000013,43617.79085858521
134.90000000000012,43650.148270201375
135.0000000000001,43682.50568181753
135.10000000000014,43714.8630934337
