Range Time (seconds),Flowrate
558.0,209.28806584362144
558.1,209.38024691358032
558.2,209.47242798353918
558.3000000000001,209.56460905349806
558.4000000000001,209.65679012345691
558.5000000000001,209.7489711934158
558.6000000000001,209.84115226337465
558.7000000000002,209.9333333333335
558.8000000000002,210.0255144032924
558.9000000000002,210.11769547325125
559.0000000000002,210.20987654321013
559.1000000000003,210.30205761316898
559.2000000000003,210.39423868312784
559.3000000000003,210.48641975308672
559.4000000000003,210.57860082304558
559.5000000000003,210.67078189300446
559.6000000000004,210.76296296296331
559.7000000000004,210.8551440329222
559.8000000000004,210.94732510288105
559.9000000000004,211.0395061728399
560.0000000000005,211.1316872427988
560.1000000000005,211.22386831275765
560.2000000000005,211.31604938271653
560.3000000000005,211.40823045267538
560.4000000000005,211.50041152263427
560.5000000000006,211.59259259259312
560.6000000000006,211.68477366255198
560.7000000000006,211.77695473251086
560.8000000000006,211.8691358024697
560.9000000000007,211.9613168724286
561.0000000000007,212.05349794238745
561.1000000000007,212.14567901234633
561.2000000000007,212.2378600823052
561.3000000000008,212.33004115226404
561.4000000000008,212.42222222222293
561.5000000000008,212.51440329218178
561.6000000000008,212.60658436214067
561.7000000000008,212.69876543209952
561.8000000000009,212.7909465020584
561.9000000000009,212.88312757201726
562.0000000000009,212.9753086419761
562.1000000000009,213.05192667414943
562.200000000001,213.11058735503235
562.300000000001,213.16924803591527
562.400000000001,213.22790871679817
562.500000000001,213.2865693976811
562.600000000001,213.34523007856401
562.7000000000011,213.40389075944694
562.8000000000011,213.46255144032986
562.9000000000011,213.52121212121276
563.0000000000011,213.57987280209568
563.1000000000012,213.6385334829786
563.2000000000012,213.69719416386152
563.3000000000012,213.75585484474445
563.4000000000012,213.81451552562734
563.5000000000013,213.87317620651027
563.6000000000013,213.9318368873932
563.7000000000013,213.9904975682761
563.8000000000013,214.04915824915903
563.9000000000013,214.10781893004193
564.0000000000014,214.16647961092485
564.1000000000014,214.22514029180778
564.2000000000014,214.2838009726907
564.3000000000014,214.34246165357362
564.4000000000015,214.40112233445652
564.5000000000015,214.45978301533944
564.6000000000015,214.51844369622236
564.7000000000015,214.5771043771053
564.8000000000015,214.6357650579882
564.9000000000016,214.69442573887113
565.0000000000016,214.75308641975403
565.1000000000016,214.81174710063695
565.2000000000016,214.87040778151987
565.3000000000017,214.9290684624028
565.4000000000017,214.98772914328572
565.5000000000017,215.0463898241686
565.6000000000017,215.10505050505154
565.7000000000018,215.16371118593446
565.8000000000018,215.18826077539538
565.9000000000018,215.19311241065637
566.0000000000018,215.19796404591736
566.1000000000018,215.20281568117835
566.2000000000019,215.20766731643934
566.3000000000019,215.21251895170033
566.4000000000019,215.21737058696132
566.5000000000019,215.2222222222223
566.600000000002,215.2270738574833
566.700000000002,215.2319254927443
566.800000000002,215.2367771280053
566.900000000002,215.2416287632663
567.000000000002,215.2464803985273
567.1000000000021,215.2513320337883
567.2000000000021,215.25618366904928
567.3000000000021,215.26103530431027
567.4000000000021,215.26588693957126
567.5000000000022,215.27073857483225
567.6000000000022,215.27559021009324
567.7000000000022,215.28044184535423
567.8000000000022,215.28529348061522
567.9000000000023,215.29014511587621
568.0000000000023,215.2949967511372
568.1000000000023,215.2998483863982
568.2000000000023,215.3047000216592
568.3000000000023,215.3095516569202
568.4000000000024,215.3144032921812
568.5000000000024,215.3192549274422
568.6000000000024,215.32410656270318
568.7000000000024,215.32895819796417
568.8000000000025,215.33380983322516
568.9000000000025,215.33866146848615
569.0000000000025,215.34351310374714
569.1000000000025,215.34836473900813
569.2000000000025,215.35321637426912
569.3000000000026,215.35806800953011
569.4000000000026,215.3629196447911
569.5000000000026,215.3677712800521
569.6000000000026,215.3726229153131
569.7000000000027,215.3774745505741
569.8000000000027,215.3823261858351
569.9000000000027,215.3871778210961
570.0000000000027,215.39202945635708
570.1000000000028,215.39688109161807
570.2000000000028,215.40173272687906
570.3000000000028,215.40658436214005
570.4000000000028,215.41143599740104
570.5000000000028,215.41628763266203
570.6000000000029,215.42113926792302
570.7000000000029,215.42599090318402
570.8000000000029,215.430842538445
570.9000000000029,215.435694173706
571.000000000003,215.440545808967
571.100000000003,215.445397444228
571.200000000003,215.450249079489
571.300000000003,215.45510071475
571.400000000003,215.45995235001098
571.5000000000031,215.46480398527197
571.6000000000031,215.46965562053296
571.7000000000031,215.47450725579395
571.8000000000031,215.47935889105494
571.9000000000032,215.48421052631593
572.0000000000032,215.48906216157692
572.1000000000032,215.49382716049382
572.2000000000032,215.49382716049382
572.3000000000033,215.49382716049382
572.4000000000033,215.49382716049382
572.5000000000033,215.49382716049382
572.6000000000033,215.49382716049382
572.7000000000033,215.49382716049382
572.8000000000034,215.49382716049382
572.9000000000034,215.49382716049382
573.0000000000034,215.49382716049382
573.1000000000034,215.49382716049382
573.2000000000035,215.49382716049382
573.3000000000035,215.49382716049382
573.4000000000035,215.49382716049382
573.5000000000035,215.49382716049382
573.6000000000035,215.49382716049382
573.7000000000036,215.49382716049382
573.8000000000036,215.49382716049382
573.9000000000036,215.49382716049382
574.0000000000036,215.49382716049382
574.1000000000037,215.49382716049382
574.2000000000037,215.49382716049382
574.3000000000037,215.49382716049382
574.4000000000037,215.49382716049382
574.5000000000038,215.49382716049382
574.6000000000038,215.49382716049382
574.7000000000038,215.49382716049382
574.8000000000038,215.49382716049382
574.9000000000038,215.49382716049382
575.0000000000039,215.49382716049382
575.1000000000039,215.49382716049382
575.2000000000039,215.49382716049382
575.3000000000039,215.49382716049382
575.400000000004,215.49382716049382
575.500000000004,215.49382716049382
575.600000000004,215.49382716049382
575.700000000004,215.49382716049382
575.800000000004,215.49382716049382
575.9000000000041,215.49382716049382
576.0000000000041,215.49382716049382
576.1000000000041,215.49382716049382
576.2000000000041,215.49382716049382
576.3000000000042,215.49382716049382
576.4000000000042,215.49382716049382
576.5000000000042,215.49382716049382
576.6000000000042,215.49382716049382
576.7000000000043,215.49382716049382
576.8000000000043,215.49382716049382
576.9000000000043,215.49382716049382
577.0000000000043,215.49382716049382
577.1000000000043,215.49382716049382
577.2000000000044,215.49382716049382
577.3000000000044,215.49382716049382
577.4000000000044,215.49382716049382
577.5000000000044,215.49382716049382
577.6000000000045,215.49382716049382
577.7000000000045,215.49382716049382
577.8000000000045,215.49382716049382
577.9000000000045,215.49382716049382
578.0000000000045,215.49382716049382
578.1000000000046,215.49382716049382
578.2000000000046,215.49382716049382
578.3000000000046,215.49382716049382
578.4000000000046,215.49382716049382
578.5000000000047,215.49382716049382
578.6000000000047,215.49382716049382
578.7000000000047,215.49382716049382
578.8000000000047,215.49382716049382
578.9000000000048,215.49382716049382
579.0000000000048,215.49382716049382
579.1000000000048,215.49382716049382
579.2000000000048,215.49382716049382
579.3000000000048,215.49382716049382
579.4000000000049,215.49382716049382
579.5000000000049,215.49382716049382
579.6000000000049,215.49382716049382
579.7000000000049,215.49382716049382
579.800000000005,215.49382716049382
579.900000000005,215.49382716049382
580.000000000005,215.49382716049382
580.100000000005,215.49382716049382
580.200000000005,215.49382716049382
580.3000000000051,215.49382716049382
580.4000000000051,215.49382716049382
580.5000000000051,215.49382716049382
580.6000000000051,215.49382716049382
580.7000000000052,215.49382716049382
580.8000000000052,215.49382716049382
580.9000000000052,215.49382716049382
581.0000000000052,215.49382716049382
581.1000000000053,215.49382716049382
581.2000000000053,215.49382716049382
581.3000000000053,215.49382716049382
581.4000000000053,215.49382716049382
581.5000000000053,215.49382716049382
581.6000000000054,215.49382716049382
581.7000000000054,215.49382716049382
581.8000000000054,215.49382716049382
581.9000000000054,215.49382716049382
582.0000000000055,215.49382716049382
582.1000000000055,215.49382716049382
582.2000000000055,215.49382716049382
582.3000000000055,215.49382716049382
582.4000000000055,215.49382716049382
582.5000000000056,215.49382716049382
582.6000000000056,215.49382716049382
582.7000000000056,215.49382716049382
582.8000000000056,215.49382716049382
582.9000000000057,215.49382716049382
583.0000000000057,215.49382716049382
583.1000000000057,215.49382716049382
583.2000000000057,215.49382716049382
583.3000000000058,215.49382716049382
583.4000000000058,215.49382716049382
583.5000000000058,215.49382716049382
583.6000000000058,215.49382716049382
583.7000000000058,215.49382716049382
583.8000000000059,215.49382716049382
583.9000000000059,215.49382716049382
584.0000000000059,215.49382716049382
584.1000000000059,215.49382716049382
584.200000000006,215.49382716049382
584.300000000006,215.49382716049382
584.400000000006,215.49382716049382
584.500000000006,215.49382716049382
584.600000000006,215.49382716049382
584.7000000000061,215.49382716049382
584.8000000000061,215.49382716049382
584.9000000000061,215.49382716049382
585.0000000000061,215.49382716049382
585.1000000000062,215.49382716049382
585.2000000000062,215.49382716049382
585.3000000000062,215.49382716049382
585.4000000000062,215.49382716049382
585.5000000000063,215.49382716049382
585.6000000000063,215.49382716049382
585.7000000000063,215.49382716049382
585.8000000000063,215.49382716049382
585.9000000000063,215.49382716049382
586.0000000000064,215.49382716049382
586.1000000000064,215.49382716049382
586.2000000000064,215.49382716049382
586.3000000000064,215.49382716049382
586.4000000000065,215.49382716049382
586.5000000000065,215.49382716049382
586.6000000000065,215.49382716049382
586.7000000000065,215.49382716049382
586.8000000000065,215.49382716049382
586.9000000000066,215.49382716049382
587.0000000000066,215.49382716049382
587.1000000000066,215.49382716049382
587.2000000000066,215.49382716049382
587.3000000000067,215.49382716049382
587.4000000000067,215.49382716049382
587.5000000000067,215.49382716049382
587.6000000000067,215.49382716049382
587.7000000000068,215.49382716049382
587.8000000000068,215.49382716049382
587.9000000000068,215.49382716049382
588.0000000000068,215.49382716049382
588.1000000000068,215.49382716049382
588.2000000000069,215.49382716049382
588.3000000000069,215.49382716049382
588.4000000000069,215.49382716049382
588.5000000000069,215.49382716049382
588.600000000007,215.49382716049382
588.700000000007,215.49382716049382
588.800000000007,215.49382716049382
588.900000000007,215.49382716049382
589.000000000007,215.49382716049382
589.1000000000071,215.49382716049382
589.2000000000071,215.49382716049382
589.3000000000071,215.49382716049382
589.4000000000071,215.49382716049382
589.5000000000072,215.49382716049382
589.6000000000072,215.49382716049382
589.7000000000072,215.49382716049382
589.8000000000072,215.49382716049382
589.9000000000073,215.49382716049382
590.0000000000073,215.49382716049382
590.1000000000073,215.49382716049382
590.2000000000073,215.49382716049382
590.3000000000073,215.49382716049382
590.4000000000074,215.49382716049382
590.5000000000074,215.49382716049382
590.6000000000074,215.49382716049382
590.7000000000074,215.49382716049382
590.8000000000075,215.49382716049382
590.9000000000075,215.49382716049382
591.0000000000075,215.49382716049382
591.1000000000075,215.49382716049382
591.2000000000075,215.49382716049382
591.3000000000076,215.49382716049382
591.4000000000076,215.49382716049382
591.5000000000076,215.49382716049382
591.6000000000076,215.49382716049382
591.7000000000077,215.49382716049382
591.8000000000077,215.49382716049382
591.9000000000077,215.49382716049382
592.0000000000077,215.49382716049382
592.1000000000078,215.49382716049382
592.2000000000078,215.49382716049382
592.3000000000078,215.49382716049382
592.4000000000078,215.49382716049382
592.5000000000078,215.49382716049382
592.6000000000079,215.49382716049382
592.7000000000079,215.49382716049382
592.8000000000079,215.49382716049382
592.9000000000079,215.49382716049382
593.000000000008,215.49382716049382
593.100000000008,215.49382716049382
593.200000000008,215.49382716049382
593.300000000008,215.49382716049382
593.400000000008,215.49382716049382
593.5000000000081,215.49382716049382
593.6000000000081,215.49382716049382
593.7000000000081,215.49382716049382
593.8000000000081,215.49382716049382
593.9000000000082,215.49382716049382
594.0000000000082,215.49382716049382
594.1000000000082,215.49382716049382
594.2000000000082,215.49382716049382
594.3000000000083,215.49382716049382
594.4000000000083,215.49382716049382
594.5000000000083,215.49382716049382
594.6000000000083,215.49382716049382
594.7000000000083,215.49382716049382
594.8000000000084,215.49382716049382
594.9000000000084,215.49382716049382
595.0000000000084,215.49382716049382
595.1000000000084,215.49382716049382
595.2000000000085,215.49382716049382
595.3000000000085,215.49382716049382
595.4000000000085,215.49382716049382
595.5000000000085,215.49382716049382
595.6000000000085,215.49382716049382
595.7000000000086,215.49382716049382
595.8000000000086,215.49382716049382
595.9000000000086,215.49382716049382
596.0000000000086,215.49382716049382
596.1000000000087,215.49382716049382
596.2000000000087,215.49382716049382
596.3000000000087,215.49382716049382
596.4000000000087,215.49382716049382
596.5000000000088,215.49382716049382
596.6000000000088,215.49382716049382
596.7000000000088,215.49382716049382
596.8000000000088,215.49382716049382
596.9000000000088,215.49382716049382
597.0000000000089,215.49382716049382
597.1000000000089,215.49382716049382
597.2000000000089,215.49382716049382
597.3000000000089,215.49382716049382
597.400000000009,215.49382716049382
597.500000000009,215.49382716049382
597.600000000009,215.49382716049382
597.700000000009,215.49382716049382
597.800000000009,215.49382716049382
597.9000000000091,215.49382716049382
598.0000000000091,215.49382716049382
598.1000000000091,215.49382716049382
598.2000000000091,215.49382716049382
598.3000000000092,215.49382716049382
598.4000000000092,215.49382716049382
598.5000000000092,215.49382716049382
598.6000000000092,215.49382716049382
598.7000000000093,215.49382716049382
598.8000000000093,215.49382716049382
598.9000000000093,215.49382716049382
599.0000000000093,215.49382716049382
599.1000000000093,215.49382716049382
599.2000000000094,215.49382716049382
599.3000000000094,215.49382716049382
599.4000000000094,215.49382716049382
599.5000000000094,215.49382716049382
599.6000000000095,215.49382716049382
599.7000000000095,215.49382716049382
599.8000000000095,215.49382716049382
599.9000000000095,215.49382716049382
600.0000000000095,215.49382716049382
600.1000000000096,215.49382716049382
600.2000000000096,215.49382716049382
600.3000000000096,215.49382716049382
600.4000000000096,215.49382716049382
600.5000000000097,215.49382716049382
600.6000000000097,215.49382716049382
600.7000000000097,215.49382716049382
600.8000000000097,215.49382716049382
600.9000000000098,215.49382716049382
601.0000000000098,215.49382716049382
601.1000000000098,215.49382716049382
601.2000000000098,215.49382716049382
601.3000000000098,215.49382716049382
601.4000000000099,215.49382716049382
601.5000000000099,215.49382716049382
601.6000000000099,215.49382716049382
601.7000000000099,215.49382716049382
601.80000000001,215.49382716049382
601.90000000001,215.49382716049382
602.00000000001,215.49382716049382
602.10000000001,215.49382716049382
602.20000000001,215.49382716049382
602.3000000000101,215.49382716049382
602.4000000000101,215.49382716049382
602.5000000000101,215.49382716049382
602.6000000000101,215.49382716049382
602.7000000000102,215.49382716049382
602.8000000000102,215.49382716049382
602.9000000000102,215.49382716049382
603.0000000000102,215.49382716049382
603.1000000000103,215.49382716049382
603.2000000000103,215.49382716049382
603.3000000000103,215.49382716049382
603.4000000000103,215.49382716049382
603.5000000000103,215.49382716049382
603.6000000000104,215.49382716049382
603.7000000000104,215.49382716049382
603.8000000000104,215.49382716049382
603.9000000000104,215.49382716049382
604.0000000000105,215.49382716049382
604.1000000000105,215.49382716049382
604.2000000000105,215.49382716049382
604.3000000000105,215.49382716049382
604.4000000000106,215.49382716049382
604.5000000000106,215.49382716049382
604.6000000000106,215.49382716049382
604.7000000000106,215.49382716049382
604.8000000000106,215.49382716049382
604.9000000000107,215.49382716049382
605.0000000000107,215.49382716049382
605.1000000000107,215.49382716049382
605.2000000000107,215.49382716049382
605.3000000000108,215.49382716049382
605.4000000000108,215.49382716049382
605.5000000000108,215.49382716049382
605.6000000000108,215.49382716049382
605.7000000000108,215.49382716049382
605.8000000000109,215.49382716049382
605.9000000000109,215.49382716049382
606.0000000000109,215.49382716049382
606.1000000000109,215.49382716049382
606.200000000011,215.49382716049382
606.300000000011,215.49382716049382
606.400000000011,215.49382716049382
606.500000000011,215.49382716049382
606.600000000011,215.49382716049382
606.7000000000111,215.49382716049382
606.8000000000111,215.49382716049382
606.9000000000111,215.49382716049382
607.0000000000111,215.49382716049382
607.1000000000112,215.49382716049382
607.2000000000112,215.49382716049382
607.3000000000112,215.49382716049382
607.4000000000112,215.49382716049382
607.5000000000113,215.49382716049382
607.6000000000113,215.49382716049382
607.7000000000113,215.49382716049382
607.8000000000113,215.49382716049382
607.9000000000113,215.49382716049382
608.0000000000114,215.49382716049382
608.1000000000114,215.49382716049382
608.2000000000114,215.49382716049382
608.3000000000114,215.49382716049382
608.4000000000115,215.49382716049382
608.5000000000115,215.49382716049382
608.6000000000115,215.49382716049382
608.7000000000115,215.49382716049382
608.8000000000116,215.49382716049382
608.9000000000116,215.49382716049382
609.0000000000116,215.49382716049382
609.1000000000116,215.49382716049382
609.2000000000116,215.49382716049382
609.3000000000117,215.49382716049382
609.4000000000117,215.49382716049382
609.5000000000117,215.49382716049382
609.6000000000117,215.49382716049382
609.7000000000118,215.49382716049382
609.8000000000118,215.49382716049382
609.9000000000118,215.49382716049382
610.0000000000118,215.49382716049382
610.1000000000118,215.49382716049382
610.2000000000119,215.49382716049382
610.3000000000119,215.49382716049382
610.4000000000119,215.49382716049382
610.5000000000119,215.49382716049382
610.600000000012,215.49382716049382
610.700000000012,215.49382716049382
610.800000000012,215.49382716049382
610.900000000012,215.49382716049382
611.000000000012,215.49382716049382
611.1000000000121,215.49382716049382
611.2000000000121,215.49382716049382
611.3000000000121,215.49382716049382
611.4000000000121,215.49382716049382
611.5000000000122,215.49382716049382
611.6000000000122,215.49382716049382
611.7000000000122,215.49382716049382
611.8000000000122,215.49382716049382
611.9000000000123,215.49382716049382
612.0000000000123,215.49382716049382
612.1000000000123,215.49382716049382
612.2000000000123,215.49382716049382
612.3000000000123,215.49382716049382
612.4000000000124,215.49382716049382
612.5000000000124,215.49382716049382
612.6000000000124,215.49382716049382
612.7000000000124,215.49382716049382
612.8000000000125,215.49382716049382
612.9000000000125,215.49382716049382
613.0000000000125,215.49382716049382
613.1000000000125,215.49382716049382
613.2000000000126,215.49382716049382
613.3000000000126,215.49382716049382
613.4000000000126,215.49382716049382
613.5000000000126,215.49382716049382
613.6000000000126,215.49382716049382
613.7000000000127,215.49511659807976
613.8000000000127,215.49665294924574
613.9000000000127,215.49818930041172
614.0000000000127,215.4997256515777
614.1000000000128,215.5012620027437
614.2000000000128,215.50279835390967
614.3000000000128,215.50433470507565
614.4000000000128,215.50587105624163
614.5000000000128,215.5074074074076
614.6000000000129,215.5089437585736
614.7000000000129,215.51048010973958
614.8000000000129,215.51201646090556
614.9000000000129,215.51355281207154
615.000000000013,215.51508916323752
615.100000000013,215.5166255144035
615.200000000013,215.51816186556948
615.300000000013,215.51969821673546
615.400000000013,215.52123456790144
615.5000000000131,215.52277091906743
615.6000000000131,215.5243072702334
615.7000000000131,215.5258436213994
615.8000000000131,215.52737997256537
615.9000000000132,215.52891632373135
616.0000000000132,215.53045267489733
616.1000000000132,215.53198902606331
616.2000000000132,215.53352537722927
616.3000000000133,215.53506172839525
616.4000000000133,215.53659807956123
616.5000000000133,215.5381344307272
616.6000000000133,215.5396707818932
616.7000000000133,215.54120713305917
616.8000000000134,215.54274348422516
616.9000000000134,215.54427983539114
617.0000000000134,215.54581618655712
617.1000000000134,215.5473525377231
617.2000000000135,215.54888888888908
617.3000000000135,215.55042524005506
617.4000000000135,215.55196159122104
617.5000000000135,215.55349794238703
617.6000000000136,215.555034293553
617.7000000000136,215.556570644719
617.8000000000136,215.55810699588497
617.9000000000136,215.55964334705095
618.0000000000136,215.56117969821693
618.1000000000137,215.5627160493829
618.2000000000137,215.5642524005489
618.3000000000137,215.56578875171488
618.4000000000137,215.56732510288086
618.5000000000138,215.56886145404684
618.6000000000138,215.57039780521282
618.7000000000138,215.5719341563788
618.8000000000138,215.57347050754478
618.9000000000138,215.57500685871076
619.0000000000139,215.57654320987675
619.1000000000139,215.57807956104273
619.2000000000139,215.5796159122087
619.3000000000139,215.5811522633747
619.400000000014,215.58268861454067
619.500000000014,215.58422496570665
619.600000000014,215.58576131687263
619.700000000014,215.58729766803862
619.800000000014,215.5888340192046
619.9000000000141,215.59037037037058
620.0000000000141,215.59190672153656
620.1000000000141,215.59344307270254
620.2000000000141,215.59497942386852
620.3000000000142,215.5965157750345
620.4000000000142,215.59805212620049
620.5000000000142,215.59958847736647
620.6000000000142,215.60112482853245
620.7000000000143,215.60266117969843
620.8000000000143,215.6041975308644
620.9000000000143,215.6057338820304
621.0000000000143,215.60727023319637
621.1000000000143,215.60880658436236
621.2000000000144,215.61034293552834
621.3000000000144,215.61187928669432
621.4000000000144,215.6134156378603
621.5000000000144,215.61495198902628
621.6000000000145,215.61648834019226
621.7000000000145,215.61802469135824
621.8000000000145,215.61956104252423
621.9000000000145,215.6210973936902
622.0000000000146,215.6226337448562
622.1000000000146,215.62417009602217
622.2000000000146,215.62570644718815
622.3000000000146,215.62724279835413
622.4000000000146,215.6287791495201
622.5000000000147,215.6303155006861
622.6000000000147,215.63185185185208
622.7000000000147,215.63338820301806
622.8000000000147,215.63492455418404
622.9000000000148,215.63646090535002
623.0000000000148,215.637997256516
623.1000000000148,215.63953360768198
623.2000000000148,215.64106995884796
623.3000000000148,215.64260631001395
623.4000000000149,215.64414266117993
623.5000000000149,215.6456790123459
623.6000000000149,215.6472153635119
623.7000000000149,215.64875171467787
623.800000000015,215.65028806584385
623.900000000015,215.65182441700983
624.000000000015,215.65336076817582
624.100000000015,215.6548971193418
624.200000000015,215.65643347050778
624.3000000000151,215.65796982167376
624.4000000000151,215.65950617283974
624.5000000000151,215.66104252400572
624.6000000000151,215.6625788751717
624.7000000000152,215.66411522633769
624.8000000000152,215.66565157750367
624.9000000000152,215.66718792866965
625.0000000000152,215.66872427983563
625.1000000000153,215.6702606310016
625.2000000000153,215.6717969821676
625.3000000000153,215.67333333333357
625.4000000000153,215.67486968449955
625.5000000000153,215.67640603566554
625.6000000000154,215.67794238683152
625.7000000000154,215.6794787379975
625.8000000000154,215.68101508916348
625.9000000000154,215.68255144032946
626.0000000000155,215.68408779149544
626.1000000000155,215.68562414266142
626.2000000000155,215.6871604938274
626.3000000000155,215.6886968449934
626.4000000000156,215.69023319615937
626.5000000000156,215.69176954732535
626.6000000000156,215.69330589849133
626.7000000000156,215.6948422496573
626.8000000000156,215.6963786008233
626.9000000000157,215.69791495198928
627.0000000000157,215.69945130315526
627.1000000000157,215.70098765432124
627.2000000000157,215.70252400548722
627.3000000000158,215.7040603566532
627.4000000000158,215.70559670781918
627.5000000000158,215.70713305898516
627.6000000000158,215.70866941015115
627.7000000000158,215.71020576131713
627.8000000000159,215.7117421124831
627.9000000000159,215.7132784636491
628.0000000000159,215.71481481481507
628.1000000000159,215.71635116598105
628.200000000016,215.71788751714703
628.300000000016,215.71942386831302
628.400000000016,215.720960219479
628.500000000016,215.72249657064498
628.600000000016,215.72403292181096
628.7000000000161,215.72556927297694
628.8000000000161,215.72710562414292
628.9000000000161,215.7286419753089
629.0000000000161,215.73017832647488
629.1000000000162,215.73171467764087
629.2000000000162,215.73325102880685
629.3000000000162,215.73478737997283
629.4000000000162,215.7363237311388
629.5000000000163,215.7378600823048
629.6000000000163,215.73939643347077
629.7000000000163,215.74093278463675
629.8000000000163,215.74246913580274
629.9000000000163,215.74400548696872
630.0000000000164,215.7455418381347
630.1000000000164,215.74707818930068
630.2000000000164,215.74861454046666
630.3000000000164,215.75015089163264
630.4000000000165,215.75168724279862
630.5000000000165,215.7532235939646
630.6000000000165,215.7547599451306
630.7000000000165,215.75629629629657
630.8000000000166,215.75783264746255
630.9000000000166,215.75936899862853
631.0000000000166,215.7609053497945
631.1000000000166,215.7624417009605
631.2000000000166,215.76397805212648
631.3000000000167,215.76551440329246
631.4000000000167,215.76705075445844
631.5000000000167,215.76858710562442
631.6000000000167,215.7701234567904
631.7000000000168,215.77165980795638
631.8000000000168,215.77319615912236
631.9000000000168,215.77473251028835
632.0000000000168,215.77626886145433
632.1000000000168,215.7778052126203
632.2000000000169,215.7793415637863
632.3000000000169,215.78087791495227
632.4000000000169,215.78241426611825
632.5000000000169,215.78395061728423
632.600000000017,215.78548696845021
632.700000000017,215.7870233196162
632.800000000017,215.78855967078218
632.900000000017,215.79009602194816
633.000000000017,215.79163237311414
633.1000000000171,215.79316872428012
633.2000000000171,215.7947050754461
633.3000000000171,215.79624142661208
633.4000000000171,215.79777777777807
633.5000000000172,215.79931412894405
633.6000000000172,215.80085048011003
633.7000000000172,215.802386831276
633.8000000000172,215.80246913580248
633.9000000000173,215.80246913580248
634.0000000000173,215.80246913580248
634.1000000000173,215.80246913580248
634.2000000000173,215.80246913580248
634.3000000000173,215.80246913580248
634.4000000000174,215.80246913580248
634.5000000000174,215.80246913580248
634.6000000000174,215.80246913580248
634.7000000000174,215.80246913580248
634.8000000000175,215.80246913580248
634.9000000000175,215.80246913580248
635.0000000000175,215.80246913580248
635.1000000000175,215.80246913580248
635.2000000000176,215.80246913580248
635.3000000000176,215.80246913580248
635.4000000000176,215.80246913580248
635.5000000000176,215.80246913580248
635.6000000000176,215.80246913580248
635.7000000000177,215.80246913580248
635.8000000000177,215.80246913580248
635.9000000000177,215.80246913580248
636.0000000000177,215.80246913580248
636.1000000000178,215.80246913580248
636.2000000000178,215.80246913580248
636.3000000000178,215.80246913580248
636.4000000000178,215.80246913580248
636.5000000000178,215.80246913580248
636.6000000000179,215.80246913580248
636.7000000000179,215.80246913580248
636.8000000000179,215.80246913580248
636.9000000000179,215.80246913580248
637.000000000018,215.80246913580248
637.100000000018,215.80246913580248
637.200000000018,215.80246913580248
637.300000000018,215.80246913580248
637.400000000018,215.80246913580248
637.5000000000181,215.80246913580248
637.6000000000181,215.80246913580248
637.7000000000181,215.80246913580248
637.8000000000181,215.80246913580248
637.9000000000182,215.80246913580248
638.0000000000182,215.80246913580248
638.1000000000182,215.80246913580248
638.2000000000182,215.80246913580248
638.3000000000183,215.80246913580248
638.4000000000183,215.80246913580248
638.5000000000183,215.80246913580248
638.6000000000183,215.80246913580248
638.7000000000183,215.80246913580248
638.8000000000184,215.80246913580248
638.9000000000184,215.80246913580248
639.0000000000184,215.80246913580248
639.1000000000184,215.80246913580248
639.2000000000185,215.80246913580248
639.3000000000185,215.80246913580248
639.4000000000185,215.80246913580248
639.5000000000185,215.80246913580248
639.6000000000186,215.80246913580248
639.7000000000186,215.80246913580248
639.8000000000186,215.80246913580248
639.9000000000186,215.80246913580248
640.0000000000186,215.80246913580248
640.1000000000187,215.80246913580248
640.2000000000187,215.80246913580248
640.3000000000187,215.80246913580248
640.4000000000187,215.80246913580248
640.5000000000188,215.80246913580248
640.6000000000188,215.80246913580248
640.7000000000188,215.80246913580248
640.8000000000188,215.80246913580248
640.9000000000188,215.80246913580248
641.0000000000189,215.80246913580248
641.1000000000189,215.80246913580248
641.2000000000189,215.80246913580248
641.3000000000189,215.80246913580248
641.400000000019,215.80246913580248
641.500000000019,215.80246913580248
641.600000000019,215.80246913580248
641.700000000019,215.80246913580248
641.800000000019,215.80246913580248
641.9000000000191,215.80246913580248
642.0000000000191,215.80246913580248
642.1000000000191,215.80246913580248
642.2000000000191,215.80246913580248
642.3000000000192,215.80246913580248
642.4000000000192,215.80246913580248
642.5000000000192,215.80246913580248
642.6000000000192,215.80246913580248
642.7000000000193,215.80246913580248
642.8000000000193,215.80246913580248
642.9000000000193,215.80246913580248
643.0000000000193,215.80246913580248
643.1000000000193,215.80246913580248
643.2000000000194,215.80246913580248
643.3000000000194,215.80246913580248
643.4000000000194,215.80246913580248
643.5000000000194,215.80246913580248
643.6000000000195,215.80246913580248
643.7000000000195,215.80246913580248
643.8000000000195,215.80246913580248
643.9000000000195,215.80246913580248
644.0000000000196,215.80246913580248
644.1000000000196,215.80246913580248
644.2000000000196,215.80246913580248
644.3000000000196,215.80246913580248
644.4000000000196,215.80246913580248
644.5000000000197,215.80246913580248
644.6000000000197,215.80246913580248
644.7000000000197,215.80246913580248
644.8000000000197,215.80246913580248
644.9000000000198,215.80246913580248
645.0000000000198,215.80246913580248
645.1000000000198,215.80246913580248
645.2000000000198,215.80246913580248
645.3000000000198,215.80246913580248
645.4000000000199,215.80246913580248
645.5000000000199,215.80246913580248
645.6000000000199,215.80246913580248
645.7000000000199,215.80246913580248
645.80000000002,215.80246913580248
645.90000000002,215.80246913580248
646.00000000002,215.80246913580248
646.10000000002,215.80246913580248
646.20000000002,215.80246913580248
646.3000000000201,215.80246913580248
646.4000000000201,215.80246913580248
646.5000000000201,215.80246913580248
646.6000000000201,215.80246913580248
646.7000000000202,215.80246913580248
646.8000000000202,215.80246913580248
646.9000000000202,215.80246913580248
647.0000000000202,215.80246913580248
647.1000000000203,215.80246913580248
647.2000000000203,215.80246913580248
647.3000000000203,215.80246913580248
647.4000000000203,215.80246913580248
647.5000000000203,215.80246913580248
647.6000000000204,215.80246913580248
647.7000000000204,215.80246913580248
647.8000000000204,215.80246913580248
647.9000000000204,215.80246913580248
648.0000000000205,215.80246913580248
648.1000000000205,215.80246913580248
648.2000000000205,215.80246913580248
648.3000000000205,215.80246913580248
648.4000000000206,215.80246913580248
648.5000000000206,215.80246913580248
648.6000000000206,215.80246913580248
648.7000000000206,215.80246913580248
648.8000000000206,215.80246913580248
648.9000000000207,215.80246913580248
649.0000000000207,215.80246913580248
649.1000000000207,215.80246913580248
649.2000000000207,215.80246913580248
649.3000000000208,215.80246913580248
649.4000000000208,215.80246913580248
649.5000000000208,215.80246913580248
649.6000000000208,215.80246913580248
649.7000000000209,215.80246913580248
649.8000000000209,215.80246913580248
649.9000000000209,215.80246913580248
650.0000000000209,215.80246913580248
650.1000000000209,215.80246913580248
650.200000000021,215.80246913580248
650.300000000021,215.80246913580248
650.400000000021,215.80246913580248
650.500000000021,215.80246913580248
650.600000000021,215.80246913580248
650.7000000000211,215.80246913580248
650.8000000000211,215.80246913580248
650.9000000000211,215.80246913580248
651.0000000000211,215.80246913580248
651.1000000000212,215.80246913580248
651.2000000000212,215.80246913580248
651.3000000000212,215.80246913580248
651.4000000000212,215.80246913580248
651.5000000000213,215.80246913580248
651.6000000000213,215.80246913580248
651.7000000000213,215.80246913580248
651.8000000000213,215.80246913580248
651.9000000000214,215.80246913580248
652.0000000000214,215.80246913580248
652.1000000000214,215.80246913580248
652.2000000000214,215.80246913580248
652.3000000000214,215.80246913580248
652.4000000000215,215.80246913580248
652.5000000000215,215.80246913580248
652.6000000000215,215.80246913580248
652.7000000000215,215.80246913580248
652.8000000000216,215.80246913580248
652.9000000000216,215.80246913580248
653.0000000000216,215.80246913580248
653.1000000000216,215.80246913580248
653.2000000000216,215.80246913580248
653.3000000000217,215.80246913580248
653.4000000000217,215.80246913580248
653.5000000000217,215.80246913580248
653.6000000000217,215.80246913580248
653.7000000000218,215.80246913580248
653.8000000000218,215.80246913580248
653.9000000000218,215.80246913580248
654.0000000000218,215.80246913580248
654.1000000000219,215.80246913580248
654.2000000000219,215.80246913580248
654.3000000000219,215.80246913580248
654.4000000000219,215.80246913580248
654.5000000000219,215.80246913580248
654.600000000022,215.80246913580248
654.700000000022,215.80246913580248
654.800000000022,215.80246913580248
654.900000000022,215.80246913580248
655.000000000022,215.80246913580248
655.1000000000221,215.80246913580248
655.2000000000221,215.80246913580248
655.3000000000221,215.80246913580248
655.4000000000221,215.80246913580248
655.5000000000222,215.80246913580248
655.6000000000222,215.80246913580248
655.7000000000222,215.80246913580248
655.8000000000222,215.80246913580248
655.9000000000223,215.80246913580248
656.0000000000223,215.80246913580248
656.1000000000223,215.80246913580248
656.2000000000223,215.80246913580248
656.3000000000224,215.80246913580248
656.4000000000224,215.80246913580248
656.5000000000224,215.80246913580248
656.6000000000224,215.80246913580248
656.7000000000224,215.80246913580248
656.8000000000225,215.80246913580248
656.9000000000225,215.80246913580248
657.0000000000225,215.80246913580248
657.1000000000225,215.80246913580248
657.2000000000226,215.80246913580248
657.3000000000226,215.80246913580248
657.4000000000226,215.80246913580248
657.5000000000226,215.80246913580248
657.6000000000226,215.80246913580248
657.7000000000227,215.80246913580248
657.8000000000227,215.80246913580248
657.9000000000227,215.80246913580248
658.0000000000227,215.80246913580248
658.1000000000228,215.80246913580248
658.2000000000228,215.80246913580248
658.3000000000228,215.80246913580248
658.4000000000228,215.80246913580248
658.5000000000229,215.80246913580248
658.6000000000229,215.80246913580248
658.7000000000229,215.80246913580248
658.8000000000229,215.80246913580248
658.9000000000229,215.80246913580248
659.000000000023,215.80246913580248
659.100000000023,215.80246913580248
659.200000000023,215.80246913580248
659.300000000023,215.80246913580248
659.400000000023,215.80246913580248
659.5000000000231,215.80246913580248
659.6000000000231,215.80246913580248
659.7000000000231,215.80246913580248
659.8000000000231,215.80246913580248
659.9000000000232,215.80246913580248
660.0000000000232,215.80246913580248
660.1000000000232,215.80246913580248
660.2000000000232,215.80246913580248
660.3000000000233,215.80246913580248
660.4000000000233,215.80246913580248
660.5000000000233,215.80246913580248
660.6000000000233,215.80246913580248
660.7000000000234,215.80246913580248
660.8000000000234,215.80246913580248
660.9000000000234,215.80246913580248
661.0000000000234,215.80246913580248
661.1000000000234,215.80246913580248
661.2000000000235,215.80246913580248
661.3000000000235,215.80246913580248
661.4000000000235,215.80246913580248
661.5000000000235,215.80246913580248
661.6000000000236,215.80246913580248
661.7000000000236,215.80246913580248
661.8000000000236,215.80246913580248
661.9000000000236,215.80246913580248
662.0000000000236,215.80246913580248
662.1000000000237,215.80246913580248
662.2000000000237,215.80246913580248
662.3000000000237,215.80246913580248
662.4000000000237,215.80246913580248
662.5000000000238,215.80246913580248
662.6000000000238,215.80246913580248
662.7000000000238,215.80246913580248
662.8000000000238,215.80246913580248
662.9000000000239,215.80246913580248
663.0000000000239,215.80246913580248
663.1000000000239,215.80246913580248
663.2000000000239,215.80246913580248
663.3000000000239,215.80246913580248
663.400000000024,215.80246913580248
663.500000000024,215.80246913580248
663.600000000024,215.80246913580248
663.700000000024,215.80246913580248
663.800000000024,215.80246913580248
663.9000000000241,215.80246913580248
664.0000000000241,215.80246913580248
664.1000000000241,215.80246913580248
664.2000000000241,215.80246913580248
664.3000000000242,215.80246913580248
664.4000000000242,215.80246913580248
664.5000000000242,215.80246913580248
664.6000000000242,215.79947089947012
664.7000000000243,215.79617871840014
664.8000000000243,215.7928865373302
664.9000000000243,215.78959435626024
665.0000000000243,215.7863021751903
665.1000000000244,215.7830099941203
665.2000000000244,215.77971781305035
665.3000000000244,215.7764256319804
665.4000000000244,215.77313345091045
665.5000000000244,215.76984126984047
665.6000000000245,215.76654908877052
665.7000000000245,215.76325690770057
665.8000000000245,215.75996472663059
665.9000000000245,215.75667254556063
666.0000000000246,215.75338036449068
666.1000000000246,215.75008818342073
666.2000000000246,215.74679600235075
666.3000000000246,215.7435038212808
666.4000000000246,215.74021164021084
666.5000000000247,215.73691945914086
666.6000000000247,215.7336272780709
666.7000000000247,215.73033509700096
666.8000000000247,215.727042915931
666.9000000000248,215.72375073486103
667.0000000000248,215.72045855379108
667.1000000000248,215.71716637272112
667.2000000000248,215.71387419165117
667.3000000000249,215.7105820105812
667.4000000000249,215.70728982951124
667.5000000000249,215.7039976484413
667.6000000000249,215.7007054673713
667.7000000000249,215.69741328630136
667.800000000025,215.6941211052314
667.900000000025,215.69082892416145
668.000000000025,215.68753674309147
668.100000000025,215.68424456202152
668.200000000025,215.68095238095157
668.3000000000251,215.67766019988161
668.4000000000251,215.67436801881163
668.5000000000251,215.67107583774168
668.6000000000251,215.66778365667173
668.7000000000252,215.66449147560175
668.8000000000252,215.6611992945318
668.9000000000252,215.65790711346185
669.0000000000252,215.6546149323919
669.1000000000253,215.6513227513219
669.2000000000253,215.64803057025196
669.3000000000253,215.644738389182
669.4000000000253,215.64144620811206
669.5000000000254,215.63815402704208
669.6000000000254,215.63486184597213
669.7000000000254,215.63156966490217
669.8000000000254,215.6282774838322
669.9000000000254,215.62498530276224
670.0000000000255,215.6216931216923
670.1000000000255,215.61840094062234
670.2000000000255,215.61510875955236
670.3000000000255,215.6118165784824
670.4000000000256,215.60852439741245
670.5000000000256,215.6052322163425
670.6000000000256,215.60194003527252
670.7000000000256,215.59864785420257
670.8000000000256,215.59535567313262
670.9000000000257,215.59206349206264
671.0000000000257,215.58877131099268
671.1000000000257,215.58547912992273
671.2000000000257,215.58218694885278
671.3000000000258,215.5788947677828
671.4000000000258,215.57560258671285
671.5000000000258,215.5723104056429
671.6000000000258,215.56901822457291
671.7000000000259,215.56572604350296
671.8000000000259,215.562433862433
671.9000000000259,215.55914168136306
672.0000000000259,215.55584950029308
672.100000000026,215.55255731922313
672.200000000026,215.54926513815317
672.300000000026,215.54597295708322
672.400000000026,215.54268077601324
672.500000000026,215.5393885949433
672.6000000000261,215.53609641387334
672.7000000000261,215.53280423280336
672.8000000000261,215.5295120517334
672.9000000000261,215.52621987066345
673.0000000000261,215.5229276895935
673.1000000000262,215.51963550852352
673.2000000000262,215.51634332745357
673.3000000000262,215.51305114638362
673.4000000000262,215.50975896531367
673.5000000000263,215.50646678424368
673.6000000000263,215.50317460317373
673.7000000000263,215.49988242210378
673.8000000000263,215.4965902410338
673.9000000000264,215.49259259259057
674.0000000000264,215.48491083676066
674.1000000000264,215.47722908093075
674.2000000000264,215.46954732510085
674.3000000000264,215.46186556927094
674.4000000000265,215.45418381344103
674.5000000000265,215.44650205761113
674.6000000000265,215.43882030178122
674.7000000000265,215.4311385459513
674.8000000000266,215.4234567901214
674.9000000000266,215.4157750342915
675.0000000000266,215.4080932784616
675.1000000000266,215.40041152263169
675.2000000000266,215.39272976680178
675.3000000000267,215.38504801097187
675.4000000000267,215.37736625514196
675.5000000000267,215.36968449931206
675.6000000000267,215.36200274348218
675.7000000000268,215.35432098765227
675.8000000000268,215.34663923182237
675.9000000000268,215.33895747599246
676.0000000000268,215.33127572016255
676.1000000000269,215.32359396433264
676.2000000000269,215.31591220850274
676.3000000000269,215.30823045267283
676.4000000000269,215.30054869684292
676.500000000027,215.29286694101302
676.600000000027,215.2851851851831
676.700000000027,215.2775034293532
676.800000000027,215.2698216735233
676.900000000027,215.2621399176934
677.0000000000271,215.25445816186348
677.1000000000271,215.24677640603358
677.2000000000271,215.23909465020367
677.3000000000271,215.23141289437376
677.4000000000271,215.22373113854385
677.5000000000272,215.21604938271395
677.6000000000272,215.20836762688404
677.7000000000272,215.20068587105413
677.8000000000272,215.19300411522426
677.9000000000273,215.18532235939435
678.0000000000273,215.17764060356444
678.1000000000273,215.16995884773453
678.2000000000273,215.16227709190463
678.3000000000274,215.15459533607472
678.4000000000274,215.1469135802448
678.5000000000274,215.1392318244149
678.6000000000274,215.131550068585
678.7000000000274,215.1238683127551
678.8000000000275,215.1161865569252
678.9000000000275,215.10850480109528
679.0000000000275,215.10082304526537
679.1000000000275,215.09314128943547
679.2000000000276,215.08545953360556
679.3000000000276,215.07777777777565
679.4000000000276,215.07009602194574
679.5000000000276,215.06241426611584
679.6000000000276,215.05473251028593
679.7000000000277,215.04705075445602
679.8000000000277,215.03936899862612
679.9000000000277,215.0316872427962
680.0000000000277,215.02400548696633
680.1000000000278,215.01632373113642
680.2000000000278,215.00864197530652
680.3000000000278,215.0009602194766
680.4000000000278,214.9932784636467
680.5000000000279,214.9855967078168
680.6000000000279,214.9779149519869
680.7000000000279,214.97023319615698
680.8000000000279,214.96255144032708
680.900000000028,214.95486968449717
681.000000000028,214.94718792866726
681.100000000028,214.93950617283735
681.200000000028,214.93182441700745
681.300000000028,214.92414266117754
681.4000000000281,214.91646090534763
681.5000000000281,214.90877914951773
681.6000000000281,214.90109739368782
681.7000000000281,214.8934156378579
681.8000000000281,214.885733882028
681.9000000000282,214.8780521261981
682.0000000000282,214.8703703703682
682.1000000000282,214.86268861453829
682.2000000000282,214.85500685870838
682.3000000000283,214.8473251028785
682.4000000000283,214.8396433470486
682.5000000000283,214.8319615912187
682.6000000000283,214.82427983538878
682.7000000000284,214.81659807955887
682.8000000000284,214.80891632372897
682.9000000000284,214.80123456789906
683.0000000000284,214.79355281206915
683.1000000000284,214.78587105623924
683.2000000000285,214.77818930040934
683.3000000000285,214.77050754457943
683.4000000000285,214.76282578874952
683.5000000000285,214.75514403291962
683.6000000000286,214.7474622770897
683.7000000000286,214.7397805212598
683.8000000000286,214.7320987654299
683.9000000000286,214.7244170096
684.0000000000286,214.71673525377008
684.1000000000287,214.70905349794018
684.2000000000287,214.70137174211027
684.3000000000287,214.69368998628036
684.4000000000287,214.68600823045045
684.5000000000288,214.67832647462058
684.6000000000288,214.67064471879067
684.7000000000288,214.66296296296076
684.8000000000288,214.65528120713086
684.9000000000289,214.64759945130095
685.0000000000289,214.63991769547104
685.1000000000289,214.63223593964113
685.2000000000289,214.62455418381123
685.300000000029,214.61687242798132
685.400000000029,214.6091906721514
685.500000000029,214.6015089163215
685.600000000029,214.5938271604916
685.700000000029,214.5861454046617
685.8000000000291,214.5784636488318
685.9000000000291,214.57078189300188
686.0000000000291,214.56310013717197
686.1000000000291,214.55541838134207
686.2000000000291,214.54773662551216
686.3000000000292,214.54005486968225
686.4000000000292,214.53237311385234
686.5000000000292,214.52469135802244
686.6000000000292,214.51700960219253
686.7000000000293,214.50932784636265
686.8000000000293,214.50164609053274
686.9000000000293,214.49396433470284
687.0000000000293,214.48628257887293
687.1000000000294,214.47860082304302
687.2000000000294,214.47091906721312
687.3000000000294,214.4632373113832
687.4000000000294,214.4555555555533
687.5000000000294,214.4478737997234
687.6000000000295,214.4401920438935
687.7000000000295,214.43251028806358
687.8000000000295,214.42482853223368
687.9000000000295,214.41714677640377
688.0000000000296,214.40946502057386
688.1000000000296,214.40178326474395
688.2000000000296,214.39410150891405
688.3000000000296,214.38641975308414
688.4000000000296,214.37873799725423
688.5000000000297,214.37105624142433
688.6000000000297,214.36337448559442
688.7000000000297,214.3556927297645
688.8000000000297,214.3480109739346
688.9000000000298,214.34032921810473
689.0000000000298,214.33264746227482
689.1000000000298,214.3249657064449
689.2000000000298,214.317283950615
689.3000000000299,214.3096021947851
689.4000000000299,214.3019204389552
689.5000000000299,214.2942386831253
689.6000000000299,214.28655692729538
689.70000000003,214.27887517146547
689.80000000003,214.27119341563557
689.90000000003,214.26351165980566
690.00000000003,214.25925925925927
690.10000000003,214.25925925925927
690.2000000000301,214.25925925925927
690.3000000000301,214.25925925925927
690.4000000000301,214.25925925925927
690.5000000000301,214.25925925925927
690.6000000000301,214.25925925925927
690.7000000000302,214.25925925925927
690.8000000000302,214.25925925925927
690.9000000000302,214.25925925925927
691.0000000000302,214.25925925925927
691.1000000000303,214.25925925925927
691.2000000000303,214.25925925925927
691.3000000000303,214.25925925925927
691.4000000000303,214.25925925925927
691.5000000000304,214.25925925925927
691.6000000000304,214.25925925925927
691.7000000000304,214.25925925925927
691.8000000000304,214.25925925925927
691.9000000000304,214.25925925925927
692.0000000000305,214.25925925925927
692.1000000000305,214.25925925925927
692.2000000000305,214.25925925925927
692.3000000000305,214.25925925925927
692.4000000000306,214.25925925925927
692.5000000000306,214.25925925925927
692.6000000000306,214.25925925925927
692.7000000000306,214.25925925925927
692.8000000000306,214.25925925925927
692.9000000000307,214.25925925925927
693.0000000000307,214.25925925925927
693.1000000000307,214.25925925925927
693.2000000000307,214.25925925925927
693.3000000000308,214.25925925925927
693.4000000000308,214.25925925925927
693.5000000000308,214.25925925925927
693.6000000000308,214.25925925925927
693.7000000000309,214.25925925925927
693.8000000000309,214.25925925925927
693.9000000000309,214.25925925925927
694.0000000000309,214.25925925925927
694.100000000031,214.25925925925927
694.200000000031,214.25925925925927
694.300000000031,214.25925925925927
694.400000000031,214.25925925925927
694.500000000031,214.25925925925927
694.6000000000311,214.25925925925927
694.7000000000311,214.25925925925927
694.8000000000311,214.25925925925927
694.9000000000311,214.25925925925927
695.0000000000312,214.25925925925927
695.1000000000312,214.25925925925927
695.2000000000312,214.25925925925927
695.3000000000312,214.25925925925927
695.4000000000312,214.25925925925927
695.5000000000313,214.25925925925927
695.6000000000313,214.25925925925927
695.7000000000313,214.25925925925927
695.8000000000313,214.25925925925927
695.9000000000314,214.25925925925927
696.0000000000314,214.25925925925927
696.1000000000314,214.25925925925927
696.2000000000314,214.25925925925927
696.3000000000314,214.25925925925927
696.4000000000315,214.25925925925927
696.5000000000315,214.25925925925927
696.6000000000315,214.25925925925927
696.7000000000315,214.25925925925927
696.8000000000316,214.25925925925927
696.9000000000316,214.25925925925927
697.0000000000316,214.25925925925927
697.1000000000316,214.25925925925927
697.2000000000317,214.25925925925927
697.3000000000317,214.25925925925927
697.4000000000317,214.25925925925927
697.5000000000317,214.25925925925927
697.6000000000317,214.25925925925927
697.7000000000318,214.25925925925927
697.8000000000318,214.25925925925927
697.9000000000318,214.25925925925927
698.0000000000318,214.25925925925927
698.1000000000319,214.25925925925927
698.2000000000319,214.25925925925927
698.3000000000319,214.25925925925927
698.4000000000319,214.25925925925927
698.500000000032,214.25925925925927
698.600000000032,214.25925925925927
698.700000000032,214.25925925925927
698.800000000032,214.25925925925927
698.900000000032,214.25925925925927
699.0000000000321,214.25925925925927
699.1000000000321,214.25925925925927
699.2000000000321,214.25925925925927
699.3000000000321,214.25925925925927
699.4000000000322,214.25925925925927
699.5000000000322,214.25925925925927
699.6000000000322,214.25925925925927
699.7000000000322,214.25925925925927
699.8000000000322,214.25925925925927
699.9000000000323,214.25925925925927
