Range Time (seconds),Specific Impulse
558.0,4159.067750677507
558.1,4159.856910569107
558.2,4160.646070460706
558.3000000000001,4161.435230352305
558.4000000000001,4162.224390243904
558.5000000000001,4163.013550135503
558.6000000000001,4163.802710027102
558.7000000000002,4164.591869918701
558.8000000000002,4165.3810298103
558.9000000000002,4166.170189701899
559.0000000000002,4166.959349593498
559.1000000000003,4167.748509485097
559.2000000000003,4168.537669376697
559.3000000000003,4169.326829268295
559.4000000000003,4170.1159891598945
559.5000000000003,4170.905149051494
559.6000000000004,4171.694308943092
559.7000000000004,4172.483468834692
559.8000000000004,4173.27262872629
559.9000000000004,4174.06178861789
560.0000000000005,4174.850948509489
560.1000000000005,4175.640108401088
560.2000000000005,4176.429268292687
560.3000000000005,4177.2184281842865
560.4000000000005,4178.007588075885
560.5000000000006,4178.796747967484
560.6000000000006,4179.585907859083
560.7000000000006,4180.375067750682
560.8000000000006,4180.8693766937695
560.9000000000007,4181.314543812107
561.0000000000007,4181.759710930445
561.1000000000007,4182.204878048783
561.2000000000007,4182.650045167122
561.3000000000008,4183.09521228546
561.4000000000008,4183.5403794037975
561.5000000000008,4183.985546522135
561.6000000000008,4184.430713640473
561.7000000000008,4184.875880758811
561.8000000000009,4185.321047877149
561.9000000000009,4185.766214995487
562.0000000000009,4186.2113821138255
562.1000000000009,4186.656549232163
562.200000000001,4187.101716350501
562.300000000001,4187.546883468839
562.400000000001,4187.992050587177
562.500000000001,4188.437217705515
562.600000000001,4188.882384823853
562.7000000000011,4189.32755194219
562.8000000000011,4189.772719060529
562.9000000000011,4190.217886178867
563.0000000000011,4190.663053297205
563.1000000000012,4191.108220415543
563.2000000000012,4191.553387533881
563.3000000000012,4191.998554652218
563.4000000000012,4192.443721770556
563.5000000000013,4192.888888888894
563.6000000000013,4193.334056007233
563.7000000000013,4193.779223125571
563.8000000000013,4194.034146341466
563.9000000000013,4194.216260162604
564.0000000000014,4194.398373983742
564.1000000000014,4194.58048780488
564.2000000000014,4194.762601626019
564.3000000000014,4194.944715447157
564.4000000000015,4195.126829268295
564.5000000000015,4195.308943089433
564.6000000000015,4195.491056910572
564.7000000000015,4195.67317073171
564.8000000000015,4195.855284552848
564.9000000000016,4196.037398373986
565.0000000000016,4196.2195121951245
565.1000000000016,4196.401626016263
565.2000000000016,4196.5837398374015
565.3000000000017,4196.7658536585395
565.4000000000017,4196.947967479678
565.5000000000017,4197.1300813008165
565.6000000000017,4197.312195121955
565.7000000000018,4197.494308943093
565.8000000000018,4197.676422764231
565.9000000000018,4197.858536585369
566.0000000000018,4198.040650406508
566.1000000000018,4198.222764227646
566.2000000000019,4198.404878048784
566.3000000000019,4198.586991869922
566.4000000000019,4198.769105691061
566.5000000000019,4198.951219512199
566.600000000002,4199.133333333337
566.700000000002,4199.315447154475
566.800000000002,4199.497560975613
566.900000000002,4199.679674796752
567.000000000002,4199.86178861789
567.1000000000021,4200.013863928114
567.2000000000021,4200.071373555842
567.3000000000021,4200.12888318357
567.4000000000021,4200.186392811298
567.5000000000022,4200.243902439026
567.6000000000022,4200.301412066753
567.7000000000022,4200.358921694481
567.8000000000022,4200.416431322209
567.9000000000023,4200.473940949937
568.0000000000023,4200.531450577665
568.1000000000023,4200.588960205393
568.2000000000023,4200.646469833121
568.3000000000023,4200.703979460849
568.4000000000024,4200.761489088576
568.5000000000024,4200.818998716304
568.6000000000024,4200.876508344032
568.7000000000024,4200.93401797176
568.8000000000025,4200.991527599488
568.9000000000025,4201.049037227216
569.0000000000025,4201.106546854944
569.1000000000025,4201.164056482671
569.2000000000025,4201.221566110399
569.3000000000026,4201.279075738127
569.4000000000026,4201.336585365855
569.5000000000026,4201.394094993583
569.6000000000026,4201.451604621311
569.7000000000027,4201.509114249039
569.8000000000027,4201.566623876767
569.9000000000027,4201.624133504494
570.0000000000027,4201.681643132222
570.1000000000028,4201.73915275995
570.2000000000028,4201.796662387678
570.3000000000028,4201.854172015406
570.4000000000028,4201.911681643134
570.5000000000028,4201.969191270862
570.6000000000029,4202.026700898589
570.7000000000029,4202.084210526317
570.8000000000029,4202.141720154045
570.9000000000029,4202.199229781773
571.000000000003,4202.256739409501
571.100000000003,4202.314249037229
571.200000000003,4202.371758664957
571.300000000003,4202.429268292685
571.400000000003,4202.486777920412
571.5000000000031,4202.54428754814
571.6000000000031,4202.601797175868
571.7000000000031,4202.659306803596
571.8000000000031,4202.716816431324
571.9000000000032,4202.774326059052
572.0000000000032,4202.83183568678
572.1000000000032,4202.889345314507
572.2000000000032,4202.946854942235
572.3000000000033,4203.004364569963
572.4000000000033,4203.061874197691
572.5000000000033,4203.119383825419
572.6000000000033,4203.176893453147
572.7000000000033,4203.234403080875
572.8000000000034,4203.291912708603
572.9000000000034,4203.3494223363305
573.0000000000034,4203.4069319640585
573.1000000000034,4203.464441591786
573.2000000000035,4203.521951219514
573.3000000000035,4203.579460847242
573.4000000000035,4203.63697047497
573.5000000000035,4203.6547425474255
573.6000000000035,4203.648672086721
573.7000000000036,4203.642601626017
573.8000000000036,4203.636531165312
573.9000000000036,4203.630460704607
574.0000000000036,4203.624390243903
574.1000000000037,4203.618319783198
574.2000000000037,4203.612249322493
574.3000000000037,4203.606178861789
574.4000000000037,4203.600108401084
574.5000000000038,4203.594037940379
574.6000000000038,4203.587967479675
574.7000000000038,4203.58189701897
574.8000000000038,4203.575826558265
574.9000000000038,4203.569756097561
575.0000000000039,4203.5636856368565
575.1000000000039,4203.557615176152
575.2000000000039,4203.551544715448
575.3000000000039,4203.545474254743
575.400000000004,4203.539403794038
575.500000000004,4203.533333333334
575.600000000004,4203.527262872629
575.700000000004,4203.521192411924
575.800000000004,4203.515121951219
575.9000000000041,4203.509051490515
576.0000000000041,4203.50298102981
576.1000000000041,4203.496910569105
576.2000000000041,4203.490840108401
576.3000000000042,4203.484769647696
576.4000000000042,4203.478699186991
576.5000000000042,4203.472628726287
576.6000000000042,4203.4665582655825
576.7000000000043,4203.460487804878
576.8000000000043,4203.454417344174
576.9000000000043,4203.448346883469
577.0000000000043,4203.442276422764
577.1000000000043,4203.43620596206
577.2000000000044,4203.430135501355
577.3000000000044,4203.42406504065
577.4000000000044,4203.417994579946
577.5000000000044,4203.411924119241
577.6000000000045,4203.405853658536
577.7000000000045,4203.399783197832
577.8000000000045,4203.393712737127
577.9000000000045,4203.387642276422
578.0000000000045,4203.381571815718
578.1000000000046,4203.3755013550135
578.2000000000046,4203.369430894309
578.3000000000046,4203.363360433605
578.4000000000046,4203.3572899729
578.5000000000047,4203.351219512195
578.6000000000047,4203.345149051491
578.7000000000047,4203.339078590786
578.8000000000047,4203.333008130081
578.9000000000048,4203.326937669376
579.0000000000048,4203.320867208672
579.1000000000048,4203.314796747967
579.2000000000048,4203.308726287262
579.3000000000048,4203.302655826558
579.4000000000049,4203.296585365853
579.5000000000049,4203.2905149051485
579.6000000000049,4203.2844444444445
579.7000000000049,4203.27837398374
579.800000000005,4203.272303523035
579.900000000005,4203.266233062331
580.000000000005,4203.260162601626
580.100000000005,4203.254092140921
580.200000000005,4203.248021680217
580.3000000000051,4203.241951219512
580.4000000000051,4203.235880758807
580.5000000000051,4203.229810298103
580.6000000000051,4203.223739837398
580.7000000000052,4203.217669376693
580.8000000000052,4203.211598915989
580.9000000000052,4203.205528455284
581.0000000000052,4203.1994579945795
581.1000000000053,4203.1933875338755
581.2000000000053,4203.187317073171
581.3000000000053,4203.181246612466
581.4000000000053,4203.175176151762
581.5000000000053,4203.169105691057
581.6000000000054,4203.163035230352
581.7000000000054,4203.156964769647
581.8000000000054,4203.150894308943
581.9000000000054,4203.144823848238
582.0000000000055,4203.138753387533
582.1000000000055,4203.132682926829
582.2000000000055,4203.126612466124
582.3000000000055,4203.120542005419
582.4000000000055,4203.114471544715
582.5000000000056,4203.10840108401
582.6000000000056,4203.1023306233055
582.7000000000056,4203.0962601626015
582.8000000000056,4203.090189701897
582.9000000000057,4203.084119241192
583.0000000000057,4203.078048780488
583.1000000000057,4203.071978319783
583.2000000000057,4203.065907859078
583.3000000000058,4203.059837398374
583.4000000000058,4203.053766937669
583.5000000000058,4203.047696476964
583.6000000000058,4203.04162601626
583.7000000000058,4203.035555555555
583.8000000000059,4203.02948509485
583.9000000000059,4203.023414634146
584.0000000000059,4203.017344173441
584.1000000000059,4203.0112737127365
584.200000000006,4203.0052032520325
584.300000000006,4202.999132791328
584.400000000006,4202.993062330623
584.500000000006,4202.986991869918
584.600000000006,4202.980921409214
584.7000000000061,4202.974850948509
584.8000000000061,4202.968780487804
584.9000000000061,4202.9627100271
585.0000000000061,4202.956639566395
585.1000000000062,4202.95056910569
585.2000000000062,4202.944498644986
585.3000000000062,4202.938428184281
585.4000000000062,4202.932357723576
585.5000000000063,4202.926287262872
585.6000000000063,4202.9202168021675
585.7000000000063,4202.914146341463
585.8000000000063,4202.908075880759
585.9000000000063,4202.902005420054
586.0000000000064,4202.895934959349
586.1000000000064,4202.889864498645
586.2000000000064,4202.88379403794
586.3000000000064,4202.877723577235
586.4000000000065,4202.871653116531
586.5000000000065,4202.865582655826
586.6000000000065,4202.859512195121
586.7000000000065,4202.853441734417
586.8000000000065,4202.847371273712
586.9000000000066,4202.841300813007
587.0000000000066,4202.835230352303
587.1000000000066,4202.8291598915985
587.2000000000066,4202.823089430894
587.3000000000067,4202.81701897019
587.4000000000067,4202.810948509485
587.5000000000067,4202.80487804878
587.6000000000067,4202.798807588075
587.7000000000068,4202.792737127371
587.8000000000068,4202.786666666666
587.9000000000068,4202.780596205961
588.0000000000068,4202.774525745257
588.1000000000068,4202.768455284552
588.2000000000069,4202.762384823847
588.3000000000069,4202.756314363143
588.4000000000069,4202.750243902438
588.5000000000069,4202.744173441733
588.600000000007,4202.738102981029
588.700000000007,4202.7320325203245
588.800000000007,4202.72596205962
588.900000000007,4202.719891598916
589.000000000007,4202.713821138211
589.1000000000071,4202.707750677506
589.2000000000071,4202.701680216802
589.3000000000071,4202.695609756097
589.4000000000071,4202.689539295392
589.5000000000072,4202.683468834688
589.6000000000072,4202.677398373983
589.7000000000072,4202.671327913278
589.8000000000072,4202.665257452574
589.9000000000073,4202.659186991869
590.0000000000073,4202.653116531164
590.1000000000073,4202.64704607046
590.2000000000073,4202.6409756097555
590.3000000000073,4202.634905149051
590.4000000000074,4202.628834688346
590.5000000000074,4202.622764227642
590.6000000000074,4202.616693766937
590.7000000000074,4202.610623306232
590.8000000000075,4202.604552845528
590.9000000000075,4202.598482384823
591.0000000000075,4202.592411924118
591.1000000000075,4202.586341463414
591.2000000000075,4202.580271002709
591.3000000000076,4202.574200542004
591.4000000000076,4202.5681300813
591.5000000000076,4202.562059620595
591.6000000000076,4202.5559891598905
591.7000000000077,4202.5499186991865
591.8000000000077,4202.543848238482
591.9000000000077,4202.537777777777
592.0000000000077,4202.531707317073
592.1000000000078,4202.525636856368
592.2000000000078,4202.519566395663
592.3000000000078,4202.513495934959
592.4000000000078,4202.507425474254
592.5000000000078,4202.501355013549
592.6000000000079,4202.495284552845
592.7000000000079,4202.48921409214
592.8000000000079,4202.483143631435
592.9000000000079,4202.477073170731
593.000000000008,4202.471002710026
593.100000000008,4202.4649322493215
593.200000000008,4202.458861788617
593.300000000008,4202.452791327913
593.400000000008,4202.446720867208
593.5000000000081,4202.440650406503
593.6000000000081,4202.443544164255
593.7000000000081,4202.449717514124
593.8000000000081,4202.455890863994
593.9000000000082,4202.4620642138625
594.0000000000082,4202.468237563732
594.1000000000082,4202.474410913601
594.2000000000082,4202.48058426347
594.3000000000083,4202.486757613339
594.4000000000083,4202.492930963208
594.5000000000083,4202.499104313078
594.6000000000083,4202.505277662946
594.7000000000083,4202.511451012815
594.8000000000084,4202.517624362685
594.9000000000084,4202.5237977125535
595.0000000000084,4202.529971062423
595.1000000000084,4202.536144412292
595.2000000000085,4202.542317762161
595.3000000000085,4202.54849111203
595.4000000000085,4202.554664461899
595.5000000000085,4202.560837811769
595.6000000000085,4202.567011161637
595.7000000000086,4202.573184511506
595.8000000000086,4202.579357861376
595.9000000000086,4202.585531211244
596.0000000000086,4202.591704561114
596.1000000000087,4202.597877910983
596.2000000000087,4202.6040512608515
596.3000000000087,4202.610224610721
596.4000000000087,4202.61639796059
596.5000000000088,4202.6225713104595
596.6000000000088,4202.628744660328
596.7000000000088,4202.634918010197
596.8000000000088,4202.641091360067
596.9000000000088,4202.647264709935
597.0000000000089,4202.653438059805
597.1000000000089,4202.659611409674
597.2000000000089,4202.6657847595425
597.3000000000089,4202.671958109412
597.400000000009,4202.678131459281
597.500000000009,4202.6843048091505
597.600000000009,4202.690478159019
597.700000000009,4202.696651508888
597.800000000009,4202.702824858758
597.9000000000091,4202.708998208626
598.0000000000091,4202.715171558496
598.1000000000091,4202.721344908365
598.2000000000091,4202.727518258233
598.3000000000092,4202.733691608103
598.4000000000092,4202.739864957972
598.5000000000092,4202.746038307841
598.6000000000092,4202.75221165771
598.7000000000093,4202.758385007579
598.8000000000093,4202.764558357449
598.9000000000093,4202.770731707317
599.0000000000093,4202.776905057187
599.1000000000093,4202.783078407056
599.2000000000094,4202.789251756924
599.3000000000094,4202.795425106794
599.4000000000094,4202.801598456663
599.5000000000094,4202.807771806532
599.6000000000095,4202.813945156401
599.7000000000095,4202.82011850627
599.8000000000095,4202.8262918561395
599.9000000000095,4202.832465206008
600.0000000000095,4202.838638555878
600.1000000000096,4202.844811905747
600.2000000000096,4202.850985255615
600.3000000000096,4202.857158605485
600.4000000000096,4202.863331955354
600.5000000000097,4202.869505305223
600.6000000000097,4202.875678655092
600.7000000000097,4202.881852004961
600.8000000000097,4202.8880253548305
600.9000000000098,4202.894198704699
601.0000000000098,4202.900372054569
601.1000000000098,4202.906545404438
601.2000000000098,4202.912718754306
601.3000000000098,4202.918892104176
601.4000000000099,4202.925065454045
601.5000000000099,4202.931238803914
601.6000000000099,4202.937412153783
601.7000000000099,4202.943585503652
601.80000000001,4202.949758853521
601.90000000001,4202.95593220339
602.00000000001,4202.96210555326
602.10000000001,4202.9682789031285
602.20000000001,4202.974452252997
602.3000000000101,4202.980625602867
602.4000000000101,4202.986798952736
602.5000000000101,4202.992972302605
602.6000000000101,4202.999145652474
602.7000000000102,4203.005319002343
602.8000000000102,4203.011492352212
602.9000000000102,4203.017665702081
603.0000000000102,4203.023839051951
603.1000000000103,4203.0300124018195
603.2000000000103,4203.036185751688
603.3000000000103,4203.042359101558
603.4000000000103,4203.048532451427
603.5000000000103,4203.054705801296
603.6000000000104,4203.060879151165
603.7000000000104,4203.067052501034
603.8000000000104,4203.073225850903
603.9000000000104,4203.079399200772
604.0000000000105,4203.085572550642
604.1000000000105,4203.09174590051
604.2000000000105,4203.097919250379
604.3000000000105,4203.104092600249
604.4000000000106,4203.1102659501175
604.5000000000106,4203.116439299987
604.6000000000106,4203.122612649856
604.7000000000106,4203.128785999725
604.8000000000106,4203.134959349594
604.9000000000107,4203.141132699463
605.0000000000107,4203.147306049333
605.1000000000107,4203.153479399201
605.2000000000107,4203.15965274907
605.3000000000108,4203.16582609894
605.4000000000108,4203.1719994488085
605.5000000000108,4203.178172798678
605.6000000000108,4203.184346148547
605.7000000000108,4203.190519498416
605.8000000000109,4203.196692848285
605.9000000000109,4203.202866198154
606.0000000000109,4203.209039548024
606.1000000000109,4203.215212897892
606.200000000011,4203.221386247761
606.300000000011,4203.227559597631
606.400000000011,4203.233732947499
606.500000000011,4203.239906297369
606.600000000011,4203.246079647238
606.7000000000111,4203.252252997107
606.8000000000111,4203.258426346976
606.9000000000111,4203.264599696845
607.0000000000111,4203.270773046715
607.1000000000112,4203.276946396583
607.2000000000112,4203.283119746453
607.3000000000112,4203.289293096322
607.4000000000112,4203.29546644619
607.5000000000113,4203.30163979606
607.6000000000113,4203.307813145929
607.7000000000113,4203.313986495798
607.8000000000113,4203.320159845667
607.9000000000113,4203.326333195536
608.0000000000114,4203.3325065454055
608.1000000000114,4203.338679895274
608.2000000000114,4203.344853245144
608.3000000000114,4203.351026595013
608.4000000000115,4203.357199944881
608.5000000000115,4203.363373294751
608.6000000000115,4203.36954664462
608.7000000000115,4203.375719994489
608.8000000000116,4203.381893344358
608.9000000000116,4203.388066694227
609.0000000000116,4203.3942400440965
609.1000000000116,4203.400413393965
609.2000000000116,4203.406586743835
609.3000000000117,4203.412760093704
609.4000000000117,4203.418933443572
609.5000000000117,4203.425106793442
609.6000000000117,4203.431280143311
609.7000000000118,4203.43745349318
609.8000000000118,4203.443626843049
609.9000000000118,4203.449800192918
610.0000000000118,4203.455973542787
610.1000000000118,4203.462146892656
610.2000000000119,4203.468320242526
610.3000000000119,4203.4744935923945
610.4000000000119,4203.480666942263
610.5000000000119,4203.486840292133
610.600000000012,4203.493013642002
610.700000000012,4203.499186991871
610.800000000012,4203.50536034174
610.900000000012,4203.511533691609
611.000000000012,4203.517707041478
611.1000000000121,4203.523880391347
611.2000000000121,4203.530053741217
611.3000000000121,4203.5362270910855
611.4000000000121,4203.542400440954
611.5000000000122,4203.548573790824
611.6000000000122,4203.554747140693
611.7000000000122,4203.560920490562
611.8000000000122,4203.567093840431
611.9000000000123,4203.5732671903
612.0000000000123,4203.579440540169
612.1000000000123,4203.585613890038
612.2000000000123,4203.591787239908
612.3000000000123,4203.597960589776
612.4000000000124,4203.604133939645
612.5000000000124,4203.610307289515
612.6000000000124,4203.616480639384
612.7000000000124,4203.622653989253
612.8000000000125,4203.628827339122
612.9000000000125,4203.635000688991
613.0000000000125,4203.64117403886
613.1000000000125,4203.647347388729
613.2000000000126,4203.653520738599
613.3000000000126,4203.658536585366
613.4000000000126,4203.658536585366
613.5000000000126,4203.658536585366
613.6000000000126,4203.658536585366
613.7000000000127,4203.658536585366
613.8000000000127,4203.658536585366
613.9000000000127,4203.658536585366
614.0000000000127,4203.658536585366
614.1000000000128,4203.658536585366
614.2000000000128,4203.658536585366
614.3000000000128,4203.658536585366
614.4000000000128,4203.658536585366
614.5000000000128,4203.658536585366
614.6000000000129,4203.658536585366
614.7000000000129,4203.658536585366
614.8000000000129,4203.658536585366
614.9000000000129,4203.658536585366
615.000000000013,4203.658536585366
615.100000000013,4203.658536585366
615.200000000013,4203.658536585366
615.300000000013,4203.658536585366
615.400000000013,4203.658536585366
615.5000000000131,4203.658536585366
615.6000000000131,4203.658536585366
615.7000000000131,4203.658536585366
615.8000000000131,4203.658536585366
615.9000000000132,4203.658536585366
616.0000000000132,4203.658536585366
616.1000000000132,4203.658536585366
616.2000000000132,4203.658536585366
616.3000000000133,4203.658536585366
616.4000000000133,4203.658536585366
616.5000000000133,4203.658536585366
616.6000000000133,4203.658536585366
616.7000000000133,4203.658536585366
616.8000000000134,4203.658536585366
616.9000000000134,4203.658536585366
617.0000000000134,4203.658536585366
617.1000000000134,4203.658536585366
617.2000000000135,4203.658536585366
617.3000000000135,4203.658536585366
617.4000000000135,4203.658536585366
617.5000000000135,4203.658536585366
617.6000000000136,4203.658536585366
617.7000000000136,4203.658536585366
617.8000000000136,4203.658536585366
617.9000000000136,4203.658536585366
618.0000000000136,4203.658536585366
618.1000000000137,4203.658536585366
618.2000000000137,4203.658536585366
618.3000000000137,4203.658536585366
618.4000000000137,4203.658536585366
618.5000000000138,4203.658536585366
618.6000000000138,4203.658536585366
618.7000000000138,4203.627371273706
618.8000000000138,4203.5767841011675
618.9000000000138,4203.526196928629
619.0000000000139,4203.475609756091
619.1000000000139,4203.425022583552
619.2000000000139,4203.374435411014
619.3000000000139,4203.323848238476
619.400000000014,4203.273261065937
619.500000000014,4203.222673893399
619.600000000014,4203.1720867208605
619.700000000014,4203.121499548322
619.800000000014,4203.070912375783
619.9000000000141,4203.020325203245
620.0000000000141,4202.969738030707
620.1000000000141,4202.919150858168
620.2000000000141,4202.86856368563
620.3000000000142,4202.817976513092
620.4000000000142,4202.767389340554
620.5000000000142,4202.7168021680145
620.6000000000142,4202.666214995476
620.7000000000143,4202.615627822938
620.8000000000143,4202.565040650399
620.9000000000143,4202.514453477861
621.0000000000143,4202.463866305323
621.1000000000143,4202.413279132785
621.2000000000144,4202.362691960246
621.3000000000144,4202.3121047877075
621.4000000000144,4202.261517615169
621.5000000000144,4202.21093044263
621.6000000000145,4202.160343270092
621.7000000000145,4202.109756097554
621.8000000000145,4202.059168925016
621.9000000000145,4202.008581752477
622.0000000000146,4201.957994579939
622.1000000000146,4201.907407407401
622.2000000000146,4201.8568202348615
622.3000000000146,4201.806233062323
622.4000000000146,4201.755645889785
622.5000000000147,4201.705058717247
622.6000000000147,4201.654471544708
622.7000000000147,4201.60388437217
622.8000000000147,4201.553297199632
622.9000000000148,4201.502710027094
623.0000000000148,4201.452122854555
623.1000000000148,4201.401535682016
623.2000000000148,4201.350948509478
623.3000000000148,4201.300361336939
623.4000000000149,4201.249774164401
623.5000000000149,4201.199186991863
623.6000000000149,4201.148599819325
623.7000000000149,4201.098012646786
623.800000000015,4201.047425474248
623.900000000015,4200.996838301709
624.000000000015,4200.94625112917
624.100000000015,4200.895663956632
624.200000000015,4200.845076784094
624.3000000000151,4200.794489611556
624.4000000000151,4200.743902439017
624.5000000000151,4200.693315266479
624.6000000000151,4200.642728093941
624.7000000000152,4200.592140921402
624.8000000000152,4200.541553748863
624.9000000000152,4200.490966576325
625.0000000000152,4200.440379403787
625.1000000000153,4200.389792231248
625.2000000000153,4200.33920505871
625.3000000000153,4200.288617886172
625.4000000000153,4200.238030713633
625.5000000000153,4200.187443541095
625.6000000000154,4200.136856368556
625.7000000000154,4200.086269196018
625.8000000000154,4200.035682023479
625.9000000000154,4199.985094850941
626.0000000000155,4199.934507678403
626.1000000000155,4199.883920505864
626.2000000000155,4199.833333333326
626.3000000000155,4199.782746160788
626.4000000000156,4199.7321589882495
626.5000000000156,4199.68157181571
626.6000000000156,4199.630984643172
626.7000000000156,4199.580397470634
626.8000000000156,4199.529810298095
626.9000000000157,4199.479223125557
627.0000000000157,4199.428635953019
627.1000000000157,4199.378048780481
627.2000000000157,4199.327461607942
627.3000000000158,4199.276874435403
627.4000000000158,4199.226287262865
627.5000000000158,4199.175700090326
627.6000000000158,4199.125112917788
627.7000000000158,4199.07452574525
627.8000000000159,4199.023938572712
627.9000000000159,4198.973351400173
628.0000000000159,4198.922764227635
628.1000000000159,4198.8721770550965
628.200000000016,4198.821589882557
628.300000000016,4198.771002710019
628.400000000016,4198.720415537481
628.500000000016,4198.669828364943
628.600000000016,4198.619241192404
628.7000000000161,4198.568654019866
628.8000000000161,4198.518066847328
628.9000000000161,4198.467479674789
629.0000000000161,4198.41689250225
629.1000000000162,4198.366305329712
629.2000000000162,4198.315718157174
629.3000000000162,4198.265130984635
629.4000000000162,4198.214543812097
629.5000000000163,4198.163956639559
629.6000000000163,4198.11336946702
629.7000000000163,4198.062782294482
629.8000000000163,4198.0121951219435
629.9000000000163,4197.961607949405
630.0000000000164,4197.911020776866
630.1000000000164,4197.860433604328
630.2000000000164,4197.80984643179
630.3000000000164,4197.759259259251
630.4000000000165,4197.708672086713
630.5000000000165,4197.658084914175
630.6000000000165,4197.6074977416365
630.7000000000165,4197.559024390241
630.8000000000166,4197.534742547422
630.9000000000166,4197.510460704603
631.0000000000166,4197.4861788617845
631.1000000000166,4197.461897018967
631.2000000000166,4197.437615176148
631.3000000000167,4197.413333333329
631.4000000000167,4197.3890514905115
631.5000000000167,4197.364769647693
631.6000000000167,4197.340487804874
631.7000000000168,4197.316205962056
631.8000000000168,4197.291924119238
631.9000000000168,4197.267642276419
632.0000000000168,4197.2433604336
632.1000000000168,4197.219078590782
632.2000000000169,4197.194796747964
632.3000000000169,4197.170514905145
632.4000000000169,4197.146233062327
632.5000000000169,4197.121951219508
632.600000000017,4197.09766937669
632.700000000017,4197.073387533872
632.800000000017,4197.049105691053
632.900000000017,4197.0248238482345
633.000000000017,4197.000542005416
633.1000000000171,4196.976260162598
633.2000000000171,4196.951978319779
633.3000000000171,4196.927696476961
633.4000000000171,4196.903414634143
633.5000000000172,4196.879132791324
633.6000000000172,4196.854850948505
633.7000000000172,4196.830569105687
633.8000000000172,4196.806287262869
633.9000000000173,4196.78200542005
634.0000000000173,4196.757723577231
634.1000000000173,4196.733441734414
634.2000000000173,4196.709159891595
634.3000000000173,4196.684878048776
634.4000000000174,4196.660596205958
634.5000000000174,4196.63631436314
634.6000000000174,4196.612032520321
634.7000000000174,4196.587750677502
634.8000000000175,4196.5634688346845
634.9000000000175,4196.539186991866
635.0000000000175,4196.514905149047
635.1000000000175,4196.490623306229
635.2000000000176,4196.466341463411
635.3000000000176,4196.442059620592
635.4000000000176,4196.417777777774
635.5000000000176,4196.393495934955
635.6000000000176,4196.369214092137
635.7000000000177,4196.344932249318
635.8000000000177,4196.3206504065
635.9000000000177,4196.296368563681
636.0000000000177,4196.272086720863
636.1000000000178,4196.247804878045
636.2000000000178,4196.223523035226
636.3000000000178,4196.1992411924075
636.4000000000178,4196.17495934959
636.5000000000178,4196.150677506771
636.6000000000179,4196.126395663952
636.7000000000179,4196.102113821134
636.8000000000179,4196.077831978316
636.9000000000179,4196.053550135497
637.000000000018,4196.029268292678
637.100000000018,4196.004986449861
637.200000000018,4195.980704607042
637.300000000018,4195.956422764223
637.400000000018,4195.932140921404
637.5000000000181,4195.907859078587
637.6000000000181,4195.883577235768
637.7000000000181,4195.859295392949
637.8000000000181,4195.835013550131
637.9000000000182,4195.810731707313
638.0000000000182,4195.786449864494
638.1000000000182,4195.762168021676
638.2000000000182,4195.7378861788575
638.3000000000183,4195.713604336039
638.4000000000183,4195.68932249322
638.5000000000183,4195.665040650402
638.6000000000183,4195.640758807584
638.7000000000183,4195.616476964765
638.8000000000184,4195.592195121947
638.9000000000184,4195.567913279128
639.0000000000184,4195.54363143631
639.1000000000184,4195.519349593492
639.2000000000185,4195.495067750673
639.3000000000185,4195.470785907854
639.4000000000185,4195.446504065036
639.5000000000185,4195.422222222218
639.6000000000186,4195.397940379399
639.7000000000186,4195.3736585365805
639.8000000000186,4195.349376693763
639.9000000000186,4195.325094850944
640.0000000000186,4195.300813008125
640.1000000000187,4195.2765311653075
640.2000000000187,4195.252249322489
640.3000000000187,4195.22796747967
640.4000000000187,4195.203685636851
640.5000000000188,4195.1794037940335
640.6000000000188,4195.155121951215
640.7000000000188,4195.130840108396
640.8000000000188,4195.121951219512
640.9000000000188,4195.121951219512
641.0000000000189,4195.121951219512
641.1000000000189,4195.121951219512
641.2000000000189,4195.121951219512
641.3000000000189,4195.121951219512
641.400000000019,4195.121951219512
641.500000000019,4195.121951219512
641.600000000019,4195.121951219512
641.700000000019,4195.121951219512
641.800000000019,4195.121951219512
641.9000000000191,4195.121951219512
642.0000000000191,4195.121951219512
642.1000000000191,4195.121951219512
642.2000000000191,4195.121951219512
642.3000000000192,4195.121951219512
642.4000000000192,4195.121951219512
642.5000000000192,4195.121951219512
642.6000000000192,4195.121951219512
642.7000000000193,4195.121951219512
642.8000000000193,4195.121951219512
642.9000000000193,4195.121951219512
643.0000000000193,4195.121951219512
643.1000000000193,4195.121951219512
643.2000000000194,4195.121951219512
643.3000000000194,4195.121951219512
643.4000000000194,4195.121951219512
643.5000000000194,4195.121951219512
643.6000000000195,4195.121951219512
643.7000000000195,4195.121951219512
643.8000000000195,4195.121951219512
643.9000000000195,4195.121951219512
644.0000000000196,4195.121951219512
644.1000000000196,4195.121951219512
644.2000000000196,4195.121951219512
644.3000000000196,4195.121951219512
644.4000000000196,4195.121951219512
644.5000000000197,4195.121951219512
644.6000000000197,4195.121951219512
644.7000000000197,4195.121951219512
644.8000000000197,4195.121951219512
644.9000000000198,4195.121951219512
645.0000000000198,4195.121951219512
645.1000000000198,4195.121951219512
645.2000000000198,4195.121951219512
645.3000000000198,4195.121951219512
645.4000000000199,4195.121951219512
645.5000000000199,4195.121951219512
645.6000000000199,4195.121951219512
645.7000000000199,4195.121951219512
645.80000000002,4195.121951219512
645.90000000002,4195.121951219512
646.00000000002,4195.121951219512
646.10000000002,4195.121951219512
646.20000000002,4195.121951219512
646.3000000000201,4195.121951219512
646.4000000000201,4195.121951219512
646.5000000000201,4195.121951219512
646.6000000000201,4195.121951219512
646.7000000000202,4195.121951219512
646.8000000000202,4195.121951219512
646.9000000000202,4195.121951219512
647.0000000000202,4195.121951219512
647.1000000000203,4195.121951219512
647.2000000000203,4195.121951219512
647.3000000000203,4195.121951219512
647.4000000000203,4195.121951219512
647.5000000000203,4195.121951219512
647.6000000000204,4195.121951219512
647.7000000000204,4195.121951219512
647.8000000000204,4195.121951219512
647.9000000000204,4195.121951219512
648.0000000000205,4195.121951219512
648.1000000000205,4195.121951219512
648.2000000000205,4195.121951219512
648.3000000000205,4195.121951219512
648.4000000000206,4195.121951219512
648.5000000000206,4195.121951219512
648.6000000000206,4195.121951219512
648.7000000000206,4195.121951219512
648.8000000000206,4195.121951219512
648.9000000000207,4195.121951219512
649.0000000000207,4195.121951219512
649.1000000000207,4195.121951219512
649.2000000000207,4195.150135501362
649.3000000000208,4195.180487804884
649.4000000000208,4195.210840108407
649.5000000000208,4195.241192411931
649.6000000000208,4195.271544715453
649.7000000000209,4195.301897018977
649.8000000000209,4195.3322493225
649.9000000000209,4195.362601626022
650.0000000000209,4195.392953929546
650.1000000000209,4195.423306233069
650.200000000021,4195.453658536591
650.300000000021,4195.484010840115
650.400000000021,4195.514363143638
650.500000000021,4195.544715447161
650.600000000021,4195.575067750684
650.7000000000211,4195.605420054207
650.8000000000211,4195.63577235773
650.9000000000211,4195.666124661253
651.0000000000211,4195.696476964776
651.1000000000212,4195.726829268299
651.2000000000212,4195.757181571822
651.3000000000212,4195.787533875346
651.4000000000212,4195.817886178868
651.5000000000213,4195.848238482391
651.6000000000213,4195.878590785915
651.7000000000213,4195.908943089437
651.8000000000213,4195.93929539296
651.9000000000214,4195.969647696484
652.0000000000214,4196.000000000006
652.1000000000214,4196.03035230353
652.2000000000214,4196.060704607053
652.3000000000214,4196.091056910575
652.4000000000215,4196.121409214099
652.5000000000215,4196.151761517622
652.6000000000215,4196.182113821144
652.7000000000215,4196.212466124668
652.8000000000216,4196.242818428191
652.9000000000216,4196.273170731714
653.0000000000216,4196.303523035237
653.1000000000216,4196.33387533876
653.2000000000216,4196.364227642283
653.3000000000217,4196.394579945806
653.4000000000217,4196.42493224933
653.5000000000217,4196.455284552852
653.6000000000217,4196.485636856375
653.7000000000218,4196.515989159899
653.8000000000218,4196.546341463421
653.9000000000218,4196.576693766944
654.0000000000218,4196.607046070468
654.1000000000219,4196.63739837399
654.2000000000219,4196.667750677514
654.3000000000219,4196.698102981037
654.4000000000219,4196.7284552845595
654.5000000000219,4196.758807588083
654.600000000022,4196.789159891606
654.700000000022,4196.8195121951285
654.800000000022,4196.849864498652
654.900000000022,4196.880216802175
655.000000000022,4196.910569105698
655.1000000000221,4196.940921409221
655.2000000000221,4196.971273712744
655.3000000000221,4197.001626016267
655.4000000000221,4197.03197831979
655.5000000000222,4197.062330623313
655.6000000000222,4197.0926829268365
655.7000000000222,4197.123035230359
655.8000000000222,4197.153387533883
655.9000000000223,4197.1837398374055
656.0000000000223,4197.214092140928
656.1000000000223,4197.244444444452
656.2000000000223,4197.2747967479745
656.3000000000224,4197.305149051497
656.4000000000224,4197.335501355021
656.5000000000224,4197.3658536585435
656.6000000000224,4197.396205962067
656.7000000000224,4197.42655826559
656.8000000000225,4197.456910569113
656.9000000000225,4197.487262872636
657.0000000000225,4197.517615176159
657.1000000000225,4197.5479674796825
657.2000000000226,4197.588123011676
657.3000000000226,4197.635630965016
657.4000000000226,4197.683138918357
657.5000000000226,4197.730646871697
657.6000000000226,4197.778154825038
657.7000000000227,4197.8256627783785
657.8000000000227,4197.873170731718
657.9000000000227,4197.920678685059
658.0000000000227,4197.968186638399
658.1000000000228,4198.01569459174
658.2000000000228,4198.0632025450805
658.3000000000228,4198.11071049842
658.4000000000228,4198.158218451761
658.5000000000229,4198.205726405101
658.6000000000229,4198.253234358442
658.7000000000229,4198.300742311782
658.8000000000229,4198.348250265122
658.9000000000229,4198.395758218463
659.000000000023,4198.443266171804
659.100000000023,4198.490774125144
659.200000000023,4198.538282078484
659.300000000023,4198.585790031824
659.400000000023,4198.633297985165
659.5000000000231,4198.680805938506
659.6000000000231,4198.728313891846
659.7000000000231,4198.775821845186
659.8000000000231,4198.823329798526
659.9000000000232,4198.870837751867
660.0000000000232,4198.918345705208
660.1000000000232,4198.9658536585475
660.2000000000232,4199.013361611888
660.3000000000233,4199.060869565229
660.4000000000233,4199.108377518569
660.5000000000233,4199.15588547191
660.6000000000233,4199.2033934252495
660.7000000000234,4199.25090137859
660.8000000000234,4199.298409331931
660.9000000000234,4199.345917285271
661.0000000000234,4199.393425238612
661.1000000000234,4199.440933191951
661.2000000000235,4199.488441145292
661.3000000000235,4199.535949098633
661.4000000000235,4199.583457051973
661.5000000000235,4199.630965005314
661.6000000000236,4199.678472958654
661.7000000000236,4199.725980911994
661.8000000000236,4199.773488865335
661.9000000000236,4199.820996818675
662.0000000000236,4199.8685047720155
662.1000000000237,4199.916012725356
662.2000000000237,4199.963520678696
662.3000000000237,4200.011028632037
662.4000000000237,4200.058536585377
662.5000000000238,4200.1060445387175
662.6000000000238,4200.153552492058
662.7000000000238,4200.201060445398
662.8000000000238,4200.248568398739
662.9000000000239,4200.29607635208
663.0000000000239,4200.343584305419
663.1000000000239,4200.39109225876
663.2000000000239,4200.4386002121
663.3000000000239,4200.486108165441
663.400000000024,4200.5336161187815
663.500000000024,4200.581124072121
663.600000000024,4200.628632025462
663.700000000024,4200.676139978802
663.800000000024,4200.723647932143
663.9000000000241,4200.7711558854835
664.0000000000241,4200.818663838823
664.1000000000241,4200.866171792164
664.2000000000241,4200.913679745505
664.3000000000242,4200.961187698845
664.4000000000242,4201.008695652185
664.5000000000242,4201.056203605525
664.6000000000242,4201.103711558866
664.7000000000243,4201.151219512207
664.8000000000243,4201.198727465547
664.9000000000243,4201.219512195122
665.0000000000243,4201.219512195122
665.1000000000244,4201.219512195122
665.2000000000244,4201.219512195122
665.3000000000244,4201.219512195122
665.4000000000244,4201.219512195122
665.5000000000244,4201.219512195122
665.6000000000245,4201.219512195122
665.7000000000245,4201.219512195122
665.8000000000245,4201.219512195122
665.9000000000245,4201.219512195122
666.0000000000246,4201.219512195122
666.1000000000246,4201.219512195122
666.2000000000246,4201.219512195122
666.3000000000246,4201.219512195122
666.4000000000246,4201.219512195122
666.5000000000247,4201.219512195122
666.6000000000247,4201.219512195122
666.7000000000247,4201.219512195122
666.8000000000247,4201.219512195122
666.9000000000248,4201.219512195122
667.0000000000248,4201.219512195122
667.1000000000248,4201.219512195122
667.2000000000248,4201.219512195122
667.3000000000249,4201.219512195122
667.4000000000249,4201.219512195122
667.5000000000249,4201.219512195122
667.6000000000249,4201.219512195122
667.7000000000249,4201.219512195122
667.800000000025,4201.219512195122
667.900000000025,4201.219512195122
668.000000000025,4201.219512195122
668.100000000025,4201.219512195122
668.200000000025,4201.219512195122
668.3000000000251,4201.219512195122
668.4000000000251,4201.219512195122
668.5000000000251,4201.219512195122
668.6000000000251,4201.219512195122
668.7000000000252,4201.219512195122
668.8000000000252,4201.219512195122
668.9000000000252,4201.219512195122
669.0000000000252,4201.219512195122
669.1000000000253,4201.219512195122
669.2000000000253,4201.219512195122
669.3000000000253,4201.219512195122
669.4000000000253,4201.219512195122
669.5000000000254,4201.219512195122
669.6000000000254,4201.219512195122
669.7000000000254,4201.219512195122
669.8000000000254,4201.219512195122
669.9000000000254,4201.219512195122
670.0000000000255,4201.219512195122
670.1000000000255,4201.219512195122
670.2000000000255,4201.219512195122
670.3000000000255,4201.219512195122
670.4000000000256,4201.219512195122
670.5000000000256,4201.219512195122
670.6000000000256,4201.219512195122
670.7000000000256,4201.219512195122
670.8000000000256,4201.219512195122
670.9000000000257,4201.1947467166765
671.0000000000257,4201.110694183843
671.1000000000257,4201.02664165101
671.2000000000257,4200.942589118177
671.3000000000258,4200.858536585344
671.4000000000258,4200.774484052511
671.5000000000258,4200.690431519678
671.6000000000258,4200.606378986845
671.7000000000259,4200.522326454012
671.8000000000259,4200.438273921179
671.9000000000259,4200.354221388346
672.0000000000259,4200.270168855513
672.100000000026,4200.1861163226795
672.200000000026,4200.102063789846
672.300000000026,4200.018011257013
672.400000000026,4199.933958724181
672.500000000026,4199.849906191348
672.6000000000261,4199.765853658515
672.7000000000261,4199.681801125682
672.8000000000261,4199.597748592849
672.9000000000261,4199.513696060016
673.0000000000261,4199.429643527183
673.1000000000262,4199.34559099435
673.2000000000262,4199.2615384615165
673.3000000000262,4199.177485928683
673.4000000000262,4199.09343339585
673.5000000000263,4199.009380863017
673.6000000000263,4198.925328330184
673.7000000000263,4198.841275797351
673.8000000000263,4198.757223264518
673.9000000000264,4198.673170731686
674.0000000000264,4198.589118198853
674.1000000000264,4198.50506566602
674.2000000000264,4198.4210131331865
674.3000000000264,4198.336960600353
674.4000000000265,4198.25290806752
674.5000000000265,4198.168855534687
674.6000000000265,4198.084803001854
674.7000000000265,4198.000750469021
674.8000000000266,4197.916697936188
674.9000000000266,4197.832645403355
675.0000000000266,4197.748592870522
675.1000000000266,4197.664540337689
675.2000000000266,4197.580487804856
675.3000000000267,4197.579019145037
675.4000000000267,4197.602517702603
675.5000000000267,4197.626016260169
675.6000000000267,4197.6495148177355
675.7000000000268,4197.673013375302
675.8000000000268,4197.696511932868
675.9000000000268,4197.720010490434
676.0000000000268,4197.743509048
676.1000000000269,4197.7670076055665
676.2000000000269,4197.790506163133
676.3000000000269,4197.814004720699
676.4000000000269,4197.837503278265
676.500000000027,4197.861001835831
676.600000000027,4197.8845003933975
676.700000000027,4197.907998950964
676.800000000027,4197.93149750853
676.900000000027,4197.954996066096
677.0000000000271,4197.978494623662
677.1000000000271,4198.0019931812285
677.2000000000271,4198.025491738795
677.3000000000271,4198.048990296361
677.4000000000271,4198.072488853927
677.5000000000272,4198.095987411493
677.6000000000272,4198.1194859690595
677.7000000000272,4198.142984526627
677.8000000000272,4198.166483084193
677.9000000000273,4198.189981641759
678.0000000000273,4198.213480199325
678.1000000000273,4198.236978756891
678.2000000000273,4198.260477314458
678.3000000000274,4198.283975872024
678.4000000000274,4198.30747442959
678.5000000000274,4198.330972987156
678.6000000000274,4198.354471544722
678.7000000000274,4198.377970102289
678.8000000000275,4198.401468659855
678.9000000000275,4198.424967217421
679.0000000000275,4198.448465774987
679.1000000000275,4198.471964332553
679.2000000000276,4198.49546289012
679.3000000000276,4198.518961447686
679.4000000000276,4198.542460005252
679.5000000000276,4198.565958562818
679.6000000000276,4198.589457120384
679.7000000000277,4198.612955677951
679.8000000000277,4198.636454235517
679.9000000000277,4198.659952793083
680.0000000000277,4198.683451350649
680.1000000000278,4198.706949908215
680.2000000000278,4198.730448465782
680.3000000000278,4198.753947023348
680.4000000000278,4198.777445580914
680.5000000000279,4198.80094413848
680.6000000000279,4198.824442696046
680.7000000000279,4198.847941253613
680.8000000000279,4198.871439811179
680.900000000028,4198.894938368745
681.000000000028,4198.918436926311
681.100000000028,4198.941935483877
681.200000000028,4198.965434041444
681.300000000028,4198.98893259901
681.4000000000281,4199.012431156576
681.5000000000281,4199.035929714142
681.6000000000281,4199.059428271708
681.7000000000281,4199.0829268292755
681.8000000000281,4199.106425386842
681.9000000000282,4199.129923944408
682.0000000000282,4199.153422501974
682.1000000000282,4199.17692105954
682.2000000000282,4199.2004196171065
682.3000000000283,4199.223918174673
682.4000000000283,4199.247416732239
682.5000000000283,4199.270915289805
682.6000000000283,4199.294413847371
682.7000000000284,4199.3179124049375
682.8000000000284,4199.341410962504
682.9000000000284,4199.36490952007
683.0000000000284,4199.388408077636
683.1000000000284,4199.411906635202
683.2000000000285,4199.4354051927685
683.3000000000285,4199.458903750335
683.4000000000285,4199.482402307901
683.5000000000285,4199.505900865467
683.6000000000286,4199.529399423033
683.7000000000286,4199.5528979805995
683.8000000000286,4199.576396538166
683.9000000000286,4199.599895095732
684.0000000000286,4199.623393653298
684.1000000000287,4199.646892210864
684.2000000000287,4199.6703907684305
684.3000000000287,4199.693889325997
684.4000000000287,4199.717387883563
684.5000000000288,4199.740886441129
684.6000000000288,4199.764384998695
684.7000000000288,4199.7878835562615
684.8000000000288,4199.811382113828
684.9000000000289,4199.834880671394
685.0000000000289,4199.85837922896
685.1000000000289,4199.881877786526
685.2000000000289,4199.9053763440925
685.300000000029,4199.928874901659
685.400000000029,4199.952373459225
685.500000000029,4199.975872016791
685.600000000029,4199.999370574357
685.700000000029,4200.136335209547
685.8000000000291,4200.276422764268
685.9000000000291,4200.41651031899
686.0000000000291,4200.556597873712
686.1000000000291,4200.696685428434
686.2000000000291,4200.836772983155
686.3000000000292,4200.976860537877
686.4000000000292,4201.116948092599
686.5000000000292,4201.257035647321
686.6000000000292,4201.397123202042
686.7000000000293,4201.537210756764
686.8000000000293,4201.677298311486
686.9000000000293,4201.817385866208
687.0000000000293,4201.957473420929
687.1000000000294,4202.097560975651
687.2000000000294,4202.237648530373
687.3000000000294,4202.3777360850945
687.4000000000294,4202.517823639816
687.5000000000294,4202.6579111945375
687.6000000000295,4202.79799874926
687.7000000000295,4202.938086303981
687.8000000000295,4203.078173858703
687.9000000000295,4203.218261413424
688.0000000000296,4203.358348968147
688.1000000000296,4203.498436522868
688.2000000000296,4203.63852407759
688.3000000000296,4203.778611632311
688.4000000000296,4203.918699187034
688.5000000000297,4204.058786741755
688.6000000000297,4204.198874296477
688.7000000000297,4204.338961851198
688.8000000000297,4204.479049405921
688.9000000000298,4204.619136960642
689.0000000000298,4204.759224515364
689.1000000000298,4204.899312070085
689.2000000000298,4205.039399624808
689.3000000000299,4205.179487179529
689.4000000000299,4205.319574734251
689.5000000000299,4205.459662288972
689.6000000000299,4205.599749843695
689.70000000003,4205.739837398416
689.80000000003,4205.879924953138
689.90000000003,4206.020012507859
690.00000000003,4206.151761517652
690.10000000003,4206.273170731743
690.2000000000301,4206.394579945836
690.3000000000301,4206.515989159928
690.4000000000301,4206.63739837402
690.5000000000301,4206.758807588112
690.6000000000301,4206.880216802205
690.7000000000302,4207.0016260162965
690.8000000000302,4207.123035230389
690.9000000000302,4207.244444444481
691.0000000000302,4207.3658536585735
691.1000000000303,4207.487262872665
691.2000000000303,4207.608672086758
691.3000000000303,4207.73008130085
691.4000000000303,4207.851490514942
691.5000000000304,4207.972899729034
691.6000000000304,4208.094308943127
691.7000000000304,4208.215718157218
691.8000000000304,4208.337127371311
691.9000000000304,4208.458536585403
692.0000000000305,4208.579945799495
692.1000000000305,4208.701355013587
692.2000000000305,4208.82276422768
692.3000000000305,4208.944173441771
692.4000000000306,4209.065582655864
692.5000000000306,4209.186991869956
692.6000000000306,4209.3084010840485
692.7000000000306,4209.42981029814
692.8000000000306,4209.551219512233
692.9000000000307,4209.672628726325
693.0000000000307,4209.794037940417
693.1000000000307,4209.915447154509
693.2000000000307,4210.036856368601
693.3000000000308,4210.158265582693
693.4000000000308,4210.279674796785
693.5000000000308,4210.401084010878
693.6000000000308,4210.522493224969
693.7000000000309,4210.643902439062
693.8000000000309,4210.765311653154
693.9000000000309,4210.886720867246
694.0000000000309,4211.008130081338
694.100000000031,4211.129539295431
694.200000000031,4211.2509485095225
694.300000000031,4211.372357723615
694.400000000031,4211.493766937707
694.500000000031,4211.6151761517995
694.6000000000311,4211.736585365891
694.7000000000311,4211.857994579984
694.8000000000311,4211.979403794076
694.9000000000311,4212.100813008168
695.0000000000312,4212.22222222226
695.1000000000312,4212.343631436353
695.2000000000312,4212.465040650444
695.3000000000312,4212.586449864537
695.4000000000312,4212.707859078629
695.5000000000313,4212.829268292721
695.6000000000313,4212.950677506813
695.7000000000313,4213.072086720906
695.8000000000313,4213.193495934997
695.9000000000314,4213.31490514909
696.0000000000314,4213.436314363182
696.1000000000314,4213.557723577274
696.2000000000314,4213.679132791366
696.3000000000314,4213.800542005459
696.4000000000315,4213.9219512195505
696.5000000000315,4214.043360433643
696.6000000000315,4214.164769647735
696.7000000000315,4214.2861788618275
696.8000000000316,4214.407588075919
696.9000000000316,4214.528997290012
697.0000000000316,4214.650406504104
697.1000000000316,4214.771815718196
697.2000000000317,4214.893224932288
697.3000000000317,4215.014634146381
697.4000000000317,4215.136043360472
697.5000000000317,4215.257452574565
697.6000000000317,4215.378861788657
697.7000000000318,4215.500271002749
697.8000000000318,4215.621680216841
697.9000000000318,4215.743089430933
698.0000000000318,4215.864498645025
698.1000000000319,4215.985907859117
698.2000000000319,4216.10731707321
698.3000000000319,4216.2287262873015
698.4000000000319,4216.350135501394
698.500000000032,4216.471544715486
698.600000000032,4216.5929539295785
698.700000000032,4216.71436314367
698.800000000032,4216.835772357763
698.900000000032,4216.957181571855
699.0000000000321,4217.078590785947
699.1000000000321,4217.200000000039
699.2000000000321,4217.321409214132
699.3000000000321,4217.442818428223
699.4000000000322,4217.564227642316
699.5000000000322,4217.685636856408
699.6000000000322,4217.8070460705
699.7000000000322,4217.928455284592
699.8000000000322,4218.049864498685
699.9000000000323,4218.171273712776
